
INSERT INTO schedule (id, user_id, repeat_type, name, start_day, finish_day, priority_type, priority_index, estimate_prepare_time, estimate_time, estimate_close_time, create_time, update_time) values 
 (1, 'wxs', 'weekly', 'SAPIX 国語音読', DATE '1900-01-01', DATE '2900-01-01', 'gravel', 0, 1, 10, 1,  TIMESTAMP '2020-08-15 00:00:00.000', null)
,(2, 'wxs', 'weekly', 'Daily 算数', DATE '1900-01-01', DATE '2900-01-01', 'big_rock', 0,  1, 10, 1,  TIMESTAMP '2020-08-15 00:00:00.000', null)
,(3, 'wxs', 'weekly', 'Daily 理科', DATE '1900-01-01', DATE '2900-01-01', 'big_rock', 0,  1, 10, 1,  TIMESTAMP '2020-08-15 00:00:00.000', null)
,(4, 'wxs', 'weekly', 'Daily 国語', DATE '1900-01-01', DATE '2900-01-01', 'big_rock', 0,  1, 10, 1,  TIMESTAMP '2020-08-15 00:00:00.000', null)
,(5, 'wxs', 'weekly', 'Daily 社会', DATE '1900-01-01', DATE '2900-01-01', 'big_rock', 0,  1, 10, 1,  TIMESTAMP '2020-08-15 00:00:00.000', null)
,(6, 'wxs', 'weekly', 'YAMAHA',        DATE '1900-01-01', DATE '2900-01-01', 'big_rock', 0,  1, 10, 1,  TIMESTAMP '2020-08-15 00:00:00.000', null)
,(7, 'wxs', 'weekly', 'WiiSports',        DATE '1900-01-01', DATE '2900-01-01', 'sand', 0,  1, 10, 1,  TIMESTAMP '2020-08-15 00:00:00.000', null)
,(8, 'wxs', 'weekly', 'ポケモンTV',        DATE '1900-01-01', DATE '2900-01-01', 'water', 0,  1, 10, 1,  TIMESTAMP '2020-08-15 00:00:00.000', null)
,(9, 'wxs', 'weekly', 'Wii',        DATE '1900-01-01', DATE '2900-01-01', 'water', 0,  1, 10, 1,  TIMESTAMP '2020-08-15 00:00:00.000', null)
;
 
-- big-rock gravel, sand and water 

INSERT INTO schedule_repeat_weekly( schedule_id, day_of_week, create_time, update_time) values 
 (1, 'MONDAY', TIMESTAMP '2020-08-15 00:00:00.000', NULL)
,(1, 'TUESDAY', TIMESTAMP '2020-08-15 00:00:00.000', NULL)
,(1, 'WEDNESDAY', TIMESTAMP '2020-08-15 00:00:00.000', NULL)
,(1, 'THURSDAY', TIMESTAMP '2020-08-15 00:00:00.000', NULL)
,(1, 'FRIDAY', TIMESTAMP '2020-08-15 00:00:00.000', NULL)
,(1, 'SATURDAY', TIMESTAMP '2020-08-15 00:00:00.000', NULL)
,(1, 'SUNDAY', TIMESTAMP '2020-08-15 00:00:00.000', NULL)
;
INSERT INTO schedule_repeat_weekly( schedule_id, day_of_week, create_time, update_time) values 
(2, 'MONDAY', TIMESTAMP '2020-08-15 00:00:00.000', NULL)
,(2, 'TUESDAY', TIMESTAMP '2020-08-15 00:00:00.000', NULL)
,(2, 'WEDNESDAY', TIMESTAMP '2020-08-15 00:00:00.000', NULL)
,(2, 'THURSDAY', TIMESTAMP '2020-08-15 00:00:00.000', NULL)
,(2, 'FRIDAY', TIMESTAMP '2020-08-15 00:00:00.000', NULL)
,(2, 'SATURDAY', TIMESTAMP '2020-08-15 00:00:00.000', NULL)
,(2, 'SUNDAY', TIMESTAMP '2020-08-15 00:00:00.000', NULL)
;
INSERT INTO schedule_repeat_weekly( schedule_id, day_of_week, create_time, update_time) values 
(3, 'MONDAY', TIMESTAMP '2020-08-15 00:00:00.000', NULL)
,(3, 'TUESDAY', TIMESTAMP '2020-08-15 00:00:00.000', NULL)
,(3, 'WEDNESDAY', TIMESTAMP '2020-08-15 00:00:00.000', NULL)
,(3, 'THURSDAY', TIMESTAMP '2020-08-15 00:00:00.000', NULL)
,(3, 'FRIDAY', TIMESTAMP '2020-08-15 00:00:00.000', NULL)
,(3, 'SATURDAY', TIMESTAMP '2020-08-15 00:00:00.000', NULL)
,(3, 'SUNDAY', TIMESTAMP '2020-08-15 00:00:00.000', NULL)
;
INSERT INTO schedule_repeat_weekly( schedule_id, day_of_week, create_time, update_time) values 
(4, 'MONDAY', TIMESTAMP '2020-08-15 00:00:00.000', NULL)
,(4, 'TUESDAY', TIMESTAMP '2020-08-15 00:00:00.000', NULL)
,(4, 'WEDNESDAY', TIMESTAMP '2020-08-15 00:00:00.000', NULL)
,(4, 'THURSDAY', TIMESTAMP '2020-08-15 00:00:00.000', NULL)
,(4, 'FRIDAY', TIMESTAMP '2020-08-15 00:00:00.000', NULL)
,(4, 'SATURDAY', TIMESTAMP '2020-08-15 00:00:00.000', NULL)
,(4, 'SUNDAY', TIMESTAMP '2020-08-15 00:00:00.000', NULL)
;
INSERT INTO schedule_repeat_weekly( schedule_id, day_of_week, create_time, update_time) values 
(5, 'MONDAY', TIMESTAMP '2020-08-15 00:00:00.000', NULL)
,(5, 'TUESDAY', TIMESTAMP '2020-08-15 00:00:00.000', NULL)
,(5, 'WEDNESDAY', TIMESTAMP '2020-08-15 00:00:00.000', NULL)
,(5, 'THURSDAY', TIMESTAMP '2020-08-15 00:00:00.000', NULL)
,(5, 'FRIDAY', TIMESTAMP '2020-08-15 00:00:00.000', NULL)
,(5, 'SATURDAY', TIMESTAMP '2020-08-15 00:00:00.000', NULL)
,(5, 'SUNDAY', TIMESTAMP '2020-08-15 00:00:00.000', NULL)
;
INSERT INTO schedule_repeat_weekly( schedule_id, day_of_week, create_time, update_time) values 
(6, 'MONDAY', TIMESTAMP '2020-08-15 00:00:00.000', NULL)
;
INSERT INTO schedule_repeat_weekly( schedule_id, day_of_week, create_time, update_time) values 
(7, 'MONDAY', TIMESTAMP '2020-08-15 00:00:00.000', NULL)
,(7, 'TUESDAY', TIMESTAMP '2020-08-15 00:00:00.000', NULL)
,(7, 'WEDNESDAY', TIMESTAMP '2020-08-15 00:00:00.000', NULL)
,(7, 'THURSDAY', TIMESTAMP '2020-08-15 00:00:00.000', NULL)
,(7, 'FRIDAY', TIMESTAMP '2020-08-15 00:00:00.000', NULL)
,(7, 'SATURDAY', TIMESTAMP '2020-08-15 00:00:00.000', NULL)
,(7, 'SUNDAY', TIMESTAMP '2020-08-15 00:00:00.000', NULL)
;
INSERT INTO schedule_repeat_weekly( schedule_id, day_of_week, create_time, update_time) values 
(8, 'MONDAY', TIMESTAMP '2020-08-15 00:00:00.000', NULL)
,(8, 'TUESDAY', TIMESTAMP '2020-08-15 00:00:00.000', NULL)
,(8, 'WEDNESDAY', TIMESTAMP '2020-08-15 00:00:00.000', NULL)
,(8, 'THURSDAY', TIMESTAMP '2020-08-15 00:00:00.000', NULL)
,(8, 'FRIDAY', TIMESTAMP '2020-08-15 00:00:00.000', NULL)
,(8, 'SATURDAY', TIMESTAMP '2020-08-15 00:00:00.000', NULL)
,(8, 'SUNDAY', TIMESTAMP '2020-08-15 00:00:00.000', NULL)
;
INSERT INTO schedule_repeat_weekly( schedule_id, day_of_week, create_time, update_time) values 
(9, 'MONDAY', TIMESTAMP '2020-08-15 00:00:00.000', NULL)
,(9, 'TUESDAY', TIMESTAMP '2020-08-15 00:00:00.000', NULL)
,(9, 'WEDNESDAY', TIMESTAMP '2020-08-15 00:00:00.000', NULL)
,(9, 'THURSDAY', TIMESTAMP '2020-08-15 00:00:00.000', NULL)
,(9, 'FRIDAY', TIMESTAMP '2020-08-15 00:00:00.000', NULL)
,(9, 'SATURDAY', TIMESTAMP '2020-08-15 00:00:00.000', NULL)
,(9, 'SUNDAY', TIMESTAMP '2020-08-15 00:00:00.000', NULL)
;



 

/*
;             
--CREATE USER IF NOT EXISTS SA SALT '60bdade8ed1fbe83' HASH '4b48d431448fe4b00990dfd9a63382e7f73bbde0098442f5d19f1df81d2cf447' ADMIN;           
--CREATE SEQUENCE PUBLIC.IN_COME_ID_SEQ START WITH 30492;       
--CREATE SEQUENCE PUBLIC.ACCOUNT_CHANGE_ID_SEQ START WITH 31348;
--CREATE SEQUENCE PUBLIC.PAY_INFO_ID_SEQ START WITH 34157;      
--CREATE SEQUENCE PUBLIC.CARD_USED_DETAIL_ID_SEQ START WITH 31535;              
--CREATE CACHED TABLE PUBLIC.SPEND_INFO(
--    SPEND_TYPE_ID CHAR(1) NOT NULL,
--    SPEND_TYPE_NAME VARCHAR(50),
--    GOODS_TYPE_ID CHAR(3) NOT NULL,
--    GOODS_TYPE_NAME VARCHAR(50),
--    CREATE_TIME TIMESTAMP(3),
--    UPDATE_TIME TIMESTAMP(3)
--);         
--ALTER TABLE PUBLIC.SPEND_INFO ADD CONSTRAINT PUBLIC.CONSTRAINT_2 PRIMARY KEY(SPEND_TYPE_ID, GOODS_TYPE_ID);   
-- 60 +/- SELECT COUNT(*) FROM PUBLIC.SPEND_INFO;             
INSERT INTO PUBLIC.SPEND_INFO(SPEND_TYPE_ID, SPEND_TYPE_NAME, GOODS_TYPE_ID, GOODS_TYPE_NAME, CREATE_TIME, UPDATE_TIME) VALUES
('A', STRINGDECODE('\u751f\u6d3b\u5f00\u652f'), 'A01', STRINGDECODE('\u852c\u83dc'), NULL, NULL),
('A', STRINGDECODE('\u751f\u6d3b\u5f00\u652f'), 'A02', STRINGDECODE('\u9e21\u9c7c\u8089\u86cb'), NULL, NULL),
('A', STRINGDECODE('\u751f\u6d3b\u5f00\u652f'), 'A03', STRINGDECODE('\u6c34\u679c\u996e\u6599'), NULL, NULL),
('A', STRINGDECODE('\u751f\u6d3b\u5f00\u652f'), 'A04', STRINGDECODE('\u96f6\u98df'), NULL, NULL),
('A', STRINGDECODE('\u751f\u6d3b\u5f00\u652f'), 'A05', STRINGDECODE('\u8c03\u6599'), NULL, NULL),
('A', STRINGDECODE('\u751f\u6d3b\u5f00\u652f'), 'A06', STRINGDECODE('\u4e3b\u98df'), NULL, NULL),
('A', STRINGDECODE('\u751f\u6d3b\u5f00\u652f'), 'A07', STRINGDECODE('\u536b\u751f\u7528\u54c1'), NULL, NULL),
('A', STRINGDECODE('\u751f\u6d3b\u5f00\u652f'), 'A08', STRINGDECODE('\u65e5\u5e38\u7528\u54c1'), NULL, NULL),
('A', STRINGDECODE('\u751f\u6d3b\u5f00\u652f'), 'A09', STRINGDECODE('\u53a8\u623f\u7528\u54c1'), NULL, NULL),
('A', STRINGDECODE('\u751f\u6d3b\u5f00\u652f'), 'A10', STRINGDECODE('\u5176\u4ed6'), NULL, NULL),
('A', STRINGDECODE('\u751f\u6d3b\u5f00\u652f'), 'A11', STRINGDECODE('\u8425\u517b\u54c1'), NULL, NULL),
('A', STRINGDECODE('\u751f\u6d3b\u5f00\u652f'), 'A12', STRINGDECODE('\u5916\u98df'), TIMESTAMP '2011-02-20 09:12:11.81', NULL),
('A', STRINGDECODE('\u751f\u6d3b\u5f00\u652f'), 'A13', STRINGDECODE('\u5316\u5986\u54c1'), TIMESTAMP '2011-11-12 16:26:50.733', NULL),
('B', STRINGDECODE('\u56fa\u5b9a\u652f\u51fa'), 'B01', STRINGDECODE('\u6c34\u7535\u7164\u6c14'), NULL, NULL),
('B', STRINGDECODE('\u56fa\u5b9a\u652f\u51fa'), 'B02', STRINGDECODE('\u901a\u4fe1\u7f51\u7edc'), NULL, NULL),
('B', STRINGDECODE('\u56fa\u5b9a\u652f\u51fa'), 'B03', STRINGDECODE('\u623f\u79df'), NULL, NULL),
('B', STRINGDECODE('\u56fa\u5b9a\u652f\u51fa'), 'B04', STRINGDECODE('\u4fdd\u9669'), TIMESTAMP '2011-06-29 10:59:21.22', NULL),
('B', STRINGDECODE('\u56fa\u5b9a\u652f\u51fa'), 'B05', STRINGDECODE('\u4f4f\u6c11\u7a0e'), TIMESTAMP '2017-01-06 21:01:13.123', NULL),
('B', STRINGDECODE('\u56fa\u5b9a\u652f\u51fa'), 'B06', STRINGDECODE('\u5e74\u91d1'), TIMESTAMP '2017-01-06 21:01:25.56', NULL),
('B', STRINGDECODE('\u56fa\u5b9a\u652f\u51fa'), 'B07', STRINGDECODE('\u56fa\u5b9a\u8d44\u4ea7\u7a0e'), TIMESTAMP '2017-01-06 21:19:52.59', NULL),
('C', STRINGDECODE('\u5b66\u4e60'), 'C01', STRINGDECODE('\u8003\u8bd5'), NULL, NULL),
('C', STRINGDECODE('\u5b66\u4e60'), 'C02', STRINGDECODE('\u4e66\u7c4d'), NULL, NULL),
('C', STRINGDECODE('\u5b66\u4e60'), 'C03', STRINGDECODE('\u5176\u4ed6'), NULL, NULL),
('D', STRINGDECODE('\u5176\u4ed6\u652f\u51fa'), 'D01', STRINGDECODE('\u4ea4\u901a'), NULL, NULL),
('D', STRINGDECODE('\u5176\u4ed6\u652f\u51fa'), 'D02', STRINGDECODE('\u670d\u88c5\u9996\u9970'), NULL, TIMESTAMP '2009-05-20 19:50:04.543'),
('D', STRINGDECODE('\u5176\u4ed6\u652f\u51fa'), 'D03', STRINGDECODE('\u56fa\u5b9a\u8d44\u4ea7'), NULL, NULL),
('D', STRINGDECODE('\u5176\u4ed6\u652f\u51fa'), 'D04', STRINGDECODE('\u65c5\u6e38\u5f00\u652f'), NULL, NULL),
('D', STRINGDECODE('\u5176\u4ed6\u652f\u51fa'), 'D05', STRINGDECODE('\u533b\u7597'), NULL, NULL),
('D', STRINGDECODE('\u5176\u4ed6\u652f\u51fa'), 'D06', STRINGDECODE('\u79df\u623f\u5bb6\u5177'), NULL, NULL),
('D', STRINGDECODE('\u5176\u4ed6\u652f\u51fa'), 'D07', STRINGDECODE('\u5176\u4ed6'), NULL, NULL),
('D', STRINGDECODE('\u5176\u4ed6\u652f\u51fa'), 'D08', STRINGDECODE('\u672a\u4f7f\u7528'), NULL, NULL),
('D', STRINGDECODE('\u5176\u4ed6\u652f\u51fa'), 'D09', STRINGDECODE('\u90ae\u8d39'), TIMESTAMP '2009-05-21 14:37:20.263', NULL),
('D', STRINGDECODE('\u5176\u4ed6\u652f\u51fa'), 'D10', STRINGDECODE('\u5a31\u4e50\u4f53\u80b2'), TIMESTAMP '2012-08-19 21:10:07.597', NULL),
('D', STRINGDECODE('\u5176\u4ed6\u652f\u51fa'), 'D11', STRINGDECODE('\u8d2d\u623f\u8d39\u7528'), TIMESTAMP '2013-06-19 20:28:22.543', NULL),
('E', STRINGDECODE('Baby\u76f8\u5173'), 'E01', STRINGDECODE('\u4e66\u7c4d'), TIMESTAMP '2009-08-22 14:48:20.023', NULL),
('E', STRINGDECODE('Baby\u76f8\u5173'), 'E02', STRINGDECODE('\u4ea4\u901a\u8d39'), TIMESTAMP '2009-08-22 14:48:38.84', NULL);             
INSERT INTO PUBLIC.SPEND_INFO(SPEND_TYPE_ID, SPEND_TYPE_NAME, GOODS_TYPE_ID, GOODS_TYPE_NAME, CREATE_TIME, UPDATE_TIME) VALUES
('E', STRINGDECODE('Baby\u76f8\u5173'), 'E03', STRINGDECODE('\u533b\u9662\u76f8\u5173'), TIMESTAMP '2009-08-22 14:48:53.413', NULL),
('E', STRINGDECODE('Baby\u76f8\u5173'), 'E04', STRINGDECODE('\u670d\u88c5'), TIMESTAMP '2009-08-22 14:49:01.773', NULL),
('E', STRINGDECODE('Baby\u76f8\u5173'), 'E05', STRINGDECODE('\u73a9\u5177'), TIMESTAMP '2009-08-29 22:51:19.183', NULL),
('E', STRINGDECODE('Baby\u76f8\u5173'), 'E06', STRINGDECODE('\u98df\u54c1'), TIMESTAMP '2009-09-06 20:00:05.167', NULL),
('E', STRINGDECODE('Baby\u76f8\u5173'), 'E07', STRINGDECODE('\u51fa\u751f\u51c6\u5907'), TIMESTAMP '2009-12-19 16:30:56.38', NULL),
('E', STRINGDECODE('Baby\u76f8\u5173'), 'E08', STRINGDECODE('\u65e5\u7528\u54c1'), NULL, NULL),
('E', STRINGDECODE('Baby\u76f8\u5173'), 'E09', STRINGDECODE('\u5a31\u4e50'), TIMESTAMP '2011-08-18 19:20:39.283', NULL),
('E', STRINGDECODE('Baby\u76f8\u5173'), 'E10', STRINGDECODE('\u5b66\u4e60'), TIMESTAMP '2012-06-11 18:04:42.073', NULL),
('E', STRINGDECODE('Baby\u76f8\u5173'), 'E11', STRINGDECODE('\u4fdd\u80b2\u56ed'), TIMESTAMP '2013-04-25 12:06:01.4', NULL),
('E', STRINGDECODE('Baby\u76f8\u5173'), 'E12', STRINGDECODE('\u6559\u80b2'), TIMESTAMP '2013-04-25 12:07:21.833', NULL),
('E', STRINGDECODE('Baby\u76f8\u5173'), 'E13', STRINGDECODE('\u5e7c\u513f\u56ed'), TIMESTAMP '2014-02-14 15:53:26.29', NULL),
('F', STRINGDECODE('\u5e7c\u513f\u56ed'), 'F01', STRINGDECODE('\u5e7c\u513f\u56ed\u5b66\u8d39'), TIMESTAMP '2014-05-29 17:32:27.353', NULL),
('G', STRINGDECODE('\u6838\u8d26'), 'G01', STRINGDECODE('\u6838\u8d26'), TIMESTAMP '2015-08-26 21:33:10.657', NULL),
('G', STRINGDECODE('\u6838\u8d26'), 'G02', STRINGDECODE('\u5fae\u5e97'), TIMESTAMP '2015-08-26 21:33:53.11', NULL),
('G', STRINGDECODE('\u6838\u8d26'), 'G03', STRINGDECODE('\u4ee3\u8d2d(\u505c\u7528)'), TIMESTAMP '2015-08-26 21:51:49.157', NULL),
('G', STRINGDECODE('\u6838\u8d26'), 'G04', STRINGDECODE('\u5145\u503c\u4ee3\u4ed8'), TIMESTAMP '2015-08-26 21:58:49.097', NULL),
('Z', STRINGDECODE('\u5de5\u4f5c\u652f\u51fa'), 'Z01', STRINGDECODE('\u4ea4\u901a'), NULL, NULL),
('Z', STRINGDECODE('\u5de5\u4f5c\u652f\u51fa'), 'Z02', STRINGDECODE('\u805a\u9910'), NULL, NULL),
('Z', STRINGDECODE('\u5de5\u4f5c\u652f\u51fa'), 'Z03', STRINGDECODE('\u5176\u4ed6'), NULL, NULL),
('C', STRINGDECODE('\u5b66\u4e60'), 'C4', STRINGDECODE('\u65ed\u65ed'), TIMESTAMP '2018-12-09 21:01:51.235', TIMESTAMP '2018-12-09 21:01:51.235'),
('C', STRINGDECODE('\u5b66\u4e60'), 'C5', STRINGDECODE('\u8fb0\u8fb0'), TIMESTAMP '2018-12-09 21:02:07.883', TIMESTAMP '2018-12-09 21:02:07.883'),
('F', STRINGDECODE('\u5e7c\u513f\u56ed'), 'F2', STRINGDECODE('\u65ed\u677e\u5b66\u6821'), TIMESTAMP '2018-12-09 21:04:28.427', TIMESTAMP '2018-12-09 21:04:28.427'),
('F', STRINGDECODE('\u5e7c\u513f\u56ed'), 'F3', STRINGDECODE('\u65ed\u677e\u587e\u8cbb\u7528'), TIMESTAMP '2018-12-09 21:04:53.566', TIMESTAMP '2018-12-09 21:04:53.566'),
('F', STRINGDECODE('\u5e7c\u513f\u56ed'), 'F4', STRINGDECODE('\u8fb0\u677e\u587e\u8cbb\u7528'), TIMESTAMP '2018-12-09 21:05:09.377', TIMESTAMP '2018-12-09 21:05:09.377');             
--CREATE CACHED TABLE PUBLIC.PAY_INFO(
--    ID INT NOT NULL SELECTIVITY 100,
--    SPEND_DATE DATE NOT NULL SELECTIVITY 14,
--    GOODS_ID CHAR(7) NOT NULL SELECTIVITY 37,
--    AMOUNT INT NOT NULL SELECTIVITY 29,
--    ACCOUNT_ID CHAR(3) NOT NULL SELECTIVITY 1,
--    MEMO VARCHAR(100) SELECTIVITY 1,
--    REPAY_ID INT SELECTIVITY 1,
--    CREATE_TIME TIMESTAMP(3) SELECTIVITY 1,
--    UPDATE_TIME TIMESTAMP(3) SELECTIVITY 1
--);          
--ALTER TABLE PUBLIC.PAY_INFO ADD CONSTRAINT PUBLIC.CONSTRAINT_8 PRIMARY KEY(ID);               
-- 28873 +/- SELECT COUNT(*) FROM PUBLIC.PAY_INFO;             
INSERT INTO PUBLIC.PAY_INFO(ID, SPEND_DATE, GOODS_ID, AMOUNT, ACCOUNT_ID, MEMO, REPAY_ID, CREATE_TIME, UPDATE_TIME) VALUES
(33714, DATE '2019-01-10', 'A01003', 652, 'C01', NULL, NULL, TIMESTAMP '2019-01-11 20:27:30.515', TIMESTAMP '2019-01-11 20:27:30.515'),
(33715, DATE '2019-01-09', 'A01003', 2525, 'C01', NULL, NULL, TIMESTAMP '2019-01-11 20:28:52.437', TIMESTAMP '2019-01-11 20:28:52.437'),
(33716, DATE '2019-01-10', 'D10002', 2000, 'C01', STRINGDECODE('\u30dc\u30a6\u30ea\u30f3\u30b0'), NULL, TIMESTAMP '2019-01-11 20:28:52.454', TIMESTAMP '2019-01-11 20:28:52.454'),
(33717, DATE '2019-01-10', 'D06047', 9460, 'C10', STRINGDECODE('\u30d6\u30e9\u30a6\u30f3 \u30cf\u30f3\u30c9\u30d6\u30ec\u30f3\u30c0\u30fc \u30de\u30eb\u30c1\u30af\u30a4\u30c3\u30af MQ5045 [MQ5045]\u3010RNH\u3011\u3010MMARP\u3011'), NULL, TIMESTAMP '2019-01-11 20:29:38.71', TIMESTAMP '2019-01-20 19:40:31.612'),
(33718, DATE '2019-01-08', 'A06001', 700, 'C10', '', NULL, TIMESTAMP '2019-01-11 20:29:38.737', TIMESTAMP '2019-01-20 19:38:55.245'),
(33719, DATE '2019-01-09', 'A06001', 800, 'C01', NULL, NULL, TIMESTAMP '2019-01-11 20:29:38.771', TIMESTAMP '2019-01-11 20:29:38.771'),
(33720, DATE '2019-01-08', 'A03004', 1080, 'C01', NULL, NULL, TIMESTAMP '2019-01-11 20:35:08.981', TIMESTAMP '2019-01-11 20:35:08.981'),
(33721, DATE '2019-01-11', 'A01062', 1101, 'C01', NULL, NULL, TIMESTAMP '2019-01-11 20:35:08.99', TIMESTAMP '2019-01-11 20:35:08.99'),
(33722, DATE '2019-01-08', 'A01079', 5812, 'C01', NULL, NULL, TIMESTAMP '2019-01-11 20:38:20.942', TIMESTAMP '2019-01-11 20:38:20.942'),
(33723, DATE '2019-01-08', 'A06003', 7981, 'C05', NULL, 31224, TIMESTAMP '2019-01-11 20:40:55.454', TIMESTAMP '2019-01-11 20:40:55.454'),
(33741, DATE '2019-01-05', 'G02001', 10751, 'C11', NULL, 31093, TIMESTAMP '2019-01-20 19:43:30.918', TIMESTAMP '2019-01-20 19:43:30.918'),
(33742, DATE '2019-01-07', 'G02001', 6088, 'C11', NULL, 31093, TIMESTAMP '2019-01-20 19:43:30.94', TIMESTAMP '2019-01-20 19:43:30.94'),
(33743, DATE '2019-01-09', 'G02001', 2899, 'C11', NULL, 31093, TIMESTAMP '2019-01-20 19:43:30.95', TIMESTAMP '2019-01-20 19:43:30.95'),
(33744, DATE '2019-01-05', 'G02001', 10800, 'C11', NULL, 31093, TIMESTAMP '2019-01-20 19:43:55.635', TIMESTAMP '2019-01-20 19:43:55.635'),
(33745, DATE '2019-01-05', 'G02001', 11880, 'C11', NULL, 31093, TIMESTAMP '2019-01-20 19:44:18.803', TIMESTAMP '2019-01-20 19:44:18.803'),
(33746, DATE '2019-01-09', 'E13007', 1510, 'C11', 'photo', 31093, TIMESTAMP '2019-01-20 19:45:57.306', TIMESTAMP '2019-01-20 19:45:57.306'),
(33747, DATE '2019-01-10', 'G02001', 9409, 'C11', NULL, 31093, TIMESTAMP '2019-01-20 19:45:57.327', TIMESTAMP '2019-01-20 19:45:57.327'),
(33748, DATE '2019-01-09', 'G02001', 14040, 'C11', NULL, 31093, TIMESTAMP '2019-01-20 19:46:18.057', TIMESTAMP '2019-01-20 19:46:18.057'),
(33749, DATE '2019-01-15', 'G02001', 11737, 'C11', NULL, 31093, TIMESTAMP '2019-01-20 19:46:45.286', TIMESTAMP '2019-01-20 19:46:45.286'),
(33750, DATE '2018-12-31', 'A07025', 443, 'C15', NULL, 31124, TIMESTAMP '2019-01-20 19:49:52.836', TIMESTAMP '2019-01-20 19:49:52.836'),
(33751, DATE '2018-12-31', 'A07025', 455, 'C15', NULL, 31124, TIMESTAMP '2019-01-20 19:50:15.626', TIMESTAMP '2019-01-20 19:50:15.626'),
(33752, DATE '2018-12-31', 'A07025', 455, 'C15', NULL, 31124, TIMESTAMP '2019-01-20 19:50:26.952', TIMESTAMP '2019-01-20 19:50:26.952'),
(33753, DATE '2019-01-31', 'B02001', 3235, 'C16', '', 31221, TIMESTAMP '2019-01-20 19:51:54.163', TIMESTAMP '2019-02-24 09:49:18.073'),
(33754, DATE '2019-01-31', 'B02001', 1004, 'C16', '', 31221, TIMESTAMP '2019-01-20 19:51:54.178', TIMESTAMP '2019-02-24 09:49:18.092'),
(33755, DATE '2019-01-31', 'B02001', 998, 'C16', '', 31221, TIMESTAMP '2019-01-20 19:51:54.201', TIMESTAMP '2019-02-24 09:49:18.11'),
(33756, DATE '2019-01-31', 'B02001', 313, 'C16', '', 31221, TIMESTAMP '2019-01-20 19:51:54.212', TIMESTAMP '2019-02-24 09:49:18.128'),
(33757, DATE '2019-01-31', 'B02002', 3660, 'C16', '', 31221, TIMESTAMP '2019-01-20 19:51:54.23', TIMESTAMP '2019-02-24 09:49:18.146'),
(33758, DATE '2019-01-31', 'B02002', 1112, 'C16', '', 31221, TIMESTAMP '2019-01-20 19:51:54.242', TIMESTAMP '2019-02-24 09:49:18.155');      
INSERT INTO PUBLIC.PAY_INFO(ID, SPEND_DATE, GOODS_ID, AMOUNT, ACCOUNT_ID, MEMO, REPAY_ID, CREATE_TIME, UPDATE_TIME) VALUES
(33759, DATE '2018-11-30', 'B01002', 5727, 'C16', NULL, 31031, TIMESTAMP '2019-01-20 19:53:11.48', TIMESTAMP '2019-01-20 19:53:11.48'),
(33760, DATE '2019-01-13', 'A08016', 265, 'C01', NULL, NULL, TIMESTAMP '2019-01-20 19:56:35.842', TIMESTAMP '2019-01-20 19:56:35.842'),
(33761, DATE '2019-01-15', 'A01003', 423, 'C01', NULL, NULL, TIMESTAMP '2019-01-20 19:56:35.859', TIMESTAMP '2019-01-20 19:56:35.859'),
(33762, DATE '2019-01-20', 'A01078', 1897, 'C16', NULL, 31221, TIMESTAMP '2019-01-20 19:56:35.867', TIMESTAMP '2019-01-20 19:56:35.867'),
(33763, DATE '2019-01-20', 'A01078', 28, 'C01', NULL, NULL, TIMESTAMP '2019-01-20 19:56:35.876', TIMESTAMP '2019-01-20 19:56:35.876'),
(33764, DATE '2019-01-15', 'A02031', 1717, 'C01', NULL, NULL, TIMESTAMP '2019-01-20 19:56:35.896', TIMESTAMP '2019-01-20 19:56:35.896'),
(33765, DATE '2019-01-16', 'A01079', 6330, 'C01', NULL, NULL, TIMESTAMP '2019-01-20 19:56:35.906', TIMESTAMP '2019-01-20 19:56:35.906'),
(33766, DATE '2019-01-13', 'A08050', 864, 'C01', NULL, NULL, TIMESTAMP '2019-01-20 19:56:35.927', TIMESTAMP '2019-01-20 19:56:35.927'),
(33767, DATE '2019-01-20', 'A01078', 1131, 'C16', NULL, 31221, TIMESTAMP '2019-01-20 19:57:52.527', TIMESTAMP '2019-01-20 19:57:52.527'),
(33768, DATE '2019-01-15', 'G02002', 1960, 'C01', 'EG682251097JP', NULL, TIMESTAMP '2019-01-20 19:57:52.555', TIMESTAMP '2019-01-20 19:57:52.555'),
(33769, DATE '2019-01-18', 'A01003', 950, 'C01', NULL, NULL, TIMESTAMP '2019-01-20 20:08:05.271', TIMESTAMP '2019-01-20 20:08:05.271'),
(33770, DATE '2019-01-18', 'G02002', 2700, 'C01', 'EG682251083JP', NULL, TIMESTAMP '2019-01-20 20:08:05.291', TIMESTAMP '2019-01-20 20:08:05.291'),
(33771, DATE '2019-01-20', 'A01003', 1045, 'C01', NULL, NULL, TIMESTAMP '2019-01-20 20:08:05.309', TIMESTAMP '2019-01-20 20:08:05.309'),
(33772, DATE '2019-01-18', 'A01003', 403, 'C01', NULL, NULL, TIMESTAMP '2019-01-20 20:08:05.317', TIMESTAMP '2019-01-20 20:08:05.317'),
(33773, DATE '2019-01-14', 'A06001', 3331, 'C01', NULL, NULL, TIMESTAMP '2019-01-20 20:08:05.326', TIMESTAMP '2019-01-20 20:08:05.326'),
(33774, DATE '2019-01-14', 'D10002', 1300, 'C01', STRINGDECODE('\u5143\u6c17\u3077\u3089\u3056'), NULL, TIMESTAMP '2019-01-20 20:08:05.345', TIMESTAMP '2019-01-20 20:08:05.345'),
(33775, DATE '2019-01-12', 'A10010', 3820, 'C01', NULL, NULL, TIMESTAMP '2019-01-20 20:08:05.356', TIMESTAMP '2019-01-20 20:08:05.356'),
(33776, DATE '2019-01-12', 'A01078', 3797, 'C11', NULL, 31093, TIMESTAMP '2019-01-20 20:08:05.377', TIMESTAMP '2019-01-20 20:08:05.377'),
(33777, DATE '2019-01-15', 'A04030', 400, 'C01', NULL, NULL, TIMESTAMP '2019-01-20 20:08:05.388', TIMESTAMP '2019-01-20 20:08:05.388'),
(33778, DATE '2019-01-14', 'D06032', 2008, 'C11', NULL, 31093, TIMESTAMP '2019-01-20 20:08:05.41', TIMESTAMP '2019-01-20 20:08:05.41'),
(33779, DATE '2019-01-21', 'F3003', 6500, 'C01', NULL, NULL, TIMESTAMP '2019-01-20 20:16:18.344', TIMESTAMP '2019-01-20 20:16:18.344'),
(33780, DATE '2019-01-16', 'A06001', 800, 'C01', NULL, NULL, TIMESTAMP '2019-01-20 20:23:17.13', TIMESTAMP '2019-01-20 20:23:17.13'),
(33781, DATE '2019-01-15', 'F3003', 500, 'C01', NULL, NULL, TIMESTAMP '2019-01-20 20:24:24.493', TIMESTAMP '2019-01-20 20:24:24.493'),
(33782, DATE '2019-01-12', 'A03001', 500, 'C01', NULL, NULL, TIMESTAMP '2019-01-20 20:25:26.531', TIMESTAMP '2019-01-20 20:25:26.531'),
(33783, DATE '2019-01-15', 'E13002', 26000, 'C12', NULL, NULL, TIMESTAMP '2019-01-20 20:33:00.371', TIMESTAMP '2019-01-20 20:33:00.371'),
(33784, DATE '2019-01-15', 'E13007', 700, 'C12', STRINGDECODE('\u51b7\u623f'), NULL, TIMESTAMP '2019-01-20 20:33:00.378', TIMESTAMP '2019-01-20 20:33:00.378'),
(33785, DATE '2019-01-15', 'E13002', 2500, 'C12', NULL, NULL, TIMESTAMP '2019-01-20 20:33:00.399', TIMESTAMP '2019-01-20 20:33:00.399'),
(33786, DATE '2019-01-15', 'E13009', 1500, 'C12', NULL, NULL, TIMESTAMP '2019-01-20 20:33:00.416', TIMESTAMP '2019-01-20 20:33:00.416'),
(33787, DATE '2019-01-15', 'E13003', 1360, 'C12', NULL, NULL, TIMESTAMP '2019-01-20 20:33:00.425', TIMESTAMP '2019-01-20 20:33:00.425');        
INSERT INTO PUBLIC.PAY_INFO(ID, SPEND_DATE, GOODS_ID, AMOUNT, ACCOUNT_ID, MEMO, REPAY_ID, CREATE_TIME, UPDATE_TIME) VALUES
(33788, DATE '2019-01-15', 'E13008', 688, 'C12', NULL, NULL, TIMESTAMP '2019-01-20 20:33:00.447', TIMESTAMP '2019-01-20 20:33:00.447'),
(33789, DATE '2019-01-15', 'E13007', 390, 'C12', STRINGDECODE('\u7d75\u672c'), NULL, TIMESTAMP '2019-01-20 20:33:00.457', TIMESTAMP '2019-01-20 20:33:00.457'),
(33790, DATE '2019-01-17', 'D03008', 119, 'C10', STRINGDECODE('MacBook pro 13 \u30b1\u30fc\u30b9 \u30001,480 -1,361point\u3000'), NULL, TIMESTAMP '2019-01-20 20:40:10.08', TIMESTAMP '2019-01-27 20:30:06.644'),
(33791, DATE '2019-01-17', 'E01001', 1080, 'C10', STRINGDECODE('\u4f5c\u6587\u5929\u56fd\u5c0f\u5b66\u4f4e\u5b66\u5e741\u30fb2\u30fb3\u5e74\u751f \u306a\u305e\u308a\u304c\u304d\u30b3\u30fc\u30b9 [ \u3053\u3069\u3082\u4f5c\u6587\u7814\u7a76\u4f1a ]'), NULL, TIMESTAMP '2019-01-20 20:40:50.958', TIMESTAMP '2019-01-27 20:30:22.848'),
(33792, DATE '2019-01-17', 'E01001', 1026, 'C10', STRINGDECODE('\u3059\u3079\u3066\u306e\u5b66\u529b\u306e\u57fa\u790e\u4f5c\u6587\u529b\u3092\u3064\u3051\u308b\uff08\u5c0f\u5b66\u4f4e\u5b66\u5e74\u7528\uff09 \u300c\u66f8\u3051\u306a\u3044\u300d\u300c\u30cb\u30ac\u30c6\u300d\u304c\u300e\u5f97\u610f\u300f\u306b\u306a\u308b\uff01 \uff08\u81ea\u5206\u5b66\u7fd2\u30b7\u30ea\u30fc\u30ba\uff09 [ \u6a0b\u53e3\u88d5\u4e00 ]'), NULL, TIMESTAMP '2019-01-20 20:41:23.52', TIMESTAMP '2019-01-27 20:31:20.713'),
(33793, DATE '2019-01-12', 'A10011', 2884, 'C10', STRINGDECODE('\u3010\u4e2d\u53e4\u3011 \u30d7\u30ed\u30b0\u30e9\u30de\u306e\u305f\u3081\u306e\uff27\uff4f\uff4f\uff47\uff4c\uff45\u3000\uff23\uff4c\uff4f\uff55\uff44\u3000\uff30\uff4c\uff41\uff54\uff46\uff4f\uff52\uff4d\u5165\u9580 \u30b5\u30fc\u30d3\u30b9\u306e\u5168\u4f53\u50cf\u304b\u3089\u30af\u30e9\u30a6\u30c9\u30cd\u30a4\u30c6\u30a3\u30d6\u30a2\u30d7\u30ea\u30b1\u30fc\u30b7\u30e7\u30f3\u69cb\u7bc9\u307e\u3067 \uff0f\u963f\u4f50\u5fd7\u4fdd(\u8457\u8005),\u4e2d\u4e95\u60a6 \u3010\u4e2d\u53e4\u3011afb'), NULL, TIMESTAMP '2019-01-20 20:43:07.157', TIMESTAMP '2019-01-27 20:29:49.138'),
(33794, DATE '2019-01-16', 'D03008', 1230, 'C10', STRINGDECODE('EPSON (\u30a8\u30d7\u30bd\u30f3) \u30a4\u30f3\u30af\u30ab\u30fc\u30c8\u30ea\u30c3\u30b8 \u30af\u30de\u30ce\u30df (\u5927\u5bb9\u91cf\u30bf\u30a4\u30d7) KUI-BK-L \u30d6\u30e9\u30c3\u30af \uff08\u5bfe\u5fdc\u6a5f\u7a2e\uff1aColorio EP-880A\u3001EP-879A\uff09\u3010KK9N0D18P\u3011'), NULL, TIMESTAMP '2019-01-20 20:43:07.16', TIMESTAMP '2019-01-27 20:31:35.822'),
(33795, DATE '2019-01-23', 'D07006', 298, 'C10', STRINGDECODE('\u8a8d\u5370'), NULL, TIMESTAMP '2019-01-20 20:43:49.1', TIMESTAMP '2019-01-27 20:30:44.949'),
(33804, DATE '2019-02-06', 'D11005', 69792, 'C10', STRINGDECODE('[TCF8GF33-NW1] TOTO \u6e29\u6c34\u6d17\u6d44\u4fbf\u5ea7 KF\u30b7\u30ea\u30fc\u30ba \u77ac\u9593\u5f0f \u77ac\u9593\u6696\u623f\u4fbf\u5ea7 \u6e29\u98a8\u4e7e\u71e5 \u30d7\u30ec\u30df\u30b9\u30c8 \u30a6\u30a9\u30b7\u30e5\u30ec\u30c3\u30c8 \u30db\u30ef\u30a4\u30c8 \u30ea\u30e2\u30b3\u30f3\u4ed8\u5c5e \u3000point\u3000-10,333'), 31222, TIMESTAMP '2019-01-20 20:48:21.888', TIMESTAMP '2019-02-24 10:11:28.693'),
(33805, DATE '2019-02-06', 'D11005', 38408, 'C10', STRINGDECODE('[CS230BM--SH233BA-NW1] TOTO \u30c8\u30a4\u30ec \u30d4\u30e5\u30a2\u30ec\u30b9\u30c8QR \u7d44\u307f\u5408\u308f\u305b\u4fbf\u5668\uff08\u30a6\u30a9\u30b7\u30e5\u30ec\u30c3\u30c8\u5225\u58f2\uff09 \u6392\u6c34\u5fc3\uff1a305mm\u301c540mm \u30ea\u30e2\u30c7\u30eb\u5bfe\u5fdc \u5e8a\u6392\u6c34 \u4e00\u822c\u5730 \u624b\u6d17\u6709\u308a \u30db\u30ef\u30a4\u30c8'), 31222, TIMESTAMP '2019-01-20 20:48:21.895', TIMESTAMP '2019-02-24 10:11:28.751'),
(33806, DATE '2019-02-06', 'D11005', 33800, 'C10', STRINGDECODE('\u3010\u5de5\u4e8b\u8cbb\u3011\u30c8\u30a4\u30ec\u5de5\u4e8b\u8cbb'), 31222, TIMESTAMP '2019-01-20 20:48:21.895', TIMESTAMP '2019-02-24 10:11:28.785'),
(33807, DATE '2019-02-06', 'D11005', 15000, 'C10', STRINGDECODE('[FLOOR-TOILET-03] \u3010\u5de5\u4e8b\u8cbb\uff0b\u6750\u6599\u8cbb\u3011 \u30b5\u30f3\u30b2\u30c4 \u30c8\u30a4\u30ec\u90e8\u6750 \u30af\u30c3\u30b7\u30e7\u30f3\u30d5\u30ed\u30a2\u5f35\u66ff\u3048\u5de5\u4e8b \u30c8\u30a4\u30ec\u7528 HM-4164(\u65e7\u54c1\u756a\uff1aHM-1140)'), 31222, TIMESTAMP '2019-01-20 20:48:21.895', TIMESTAMP '2019-02-24 10:11:28.835');   
INSERT INTO PUBLIC.PAY_INFO(ID, SPEND_DATE, GOODS_ID, AMOUNT, ACCOUNT_ID, MEMO, REPAY_ID, CREATE_TIME, UPDATE_TIME) VALUES
(33837, DATE '2019-01-24', 'A08050', 108, 'C01', NULL, NULL, TIMESTAMP '2019-01-27 19:53:21.247', TIMESTAMP '2019-01-27 19:53:21.247'),
(33838, DATE '2019-01-27', 'A08050', 216, 'C01', NULL, NULL, TIMESTAMP '2019-01-27 19:53:21.277', TIMESTAMP '2019-01-27 19:53:21.277'),
(33839, DATE '2019-01-23', 'A01078', 2124, 'C16', NULL, 31221, TIMESTAMP '2019-01-27 19:53:21.293', TIMESTAMP '2019-01-27 19:53:21.293'),
(33840, DATE '2019-01-22', 'A04029', 100, 'C01', NULL, NULL, TIMESTAMP '2019-01-27 19:53:21.31', TIMESTAMP '2019-01-27 19:53:21.31'),
(33841, DATE '2019-01-22', 'F3003', 900, 'C01', NULL, NULL, TIMESTAMP '2019-01-27 19:53:21.327', TIMESTAMP '2019-01-27 19:53:21.327'),
(33842, DATE '2019-01-23', 'A06004', 723, 'C01', NULL, NULL, TIMESTAMP '2019-01-27 19:53:21.345', TIMESTAMP '2019-01-27 19:53:21.345'),
(33843, DATE '2019-01-23', 'A01009', 1464, 'C01', NULL, NULL, TIMESTAMP '2019-01-27 19:53:21.361', TIMESTAMP '2019-01-27 19:53:21.361'),
(33844, DATE '2019-01-26', 'A06004', 668, 'C01', NULL, NULL, TIMESTAMP '2019-01-27 19:53:21.381', TIMESTAMP '2019-01-27 19:53:21.381'),
(33845, DATE '2019-01-27', 'A01009', 1298, 'C01', NULL, NULL, TIMESTAMP '2019-01-27 19:53:21.4', TIMESTAMP '2019-01-27 19:53:21.4'),
(33846, DATE '2019-01-23', 'A08050', 216, 'C01', NULL, NULL, TIMESTAMP '2019-01-27 19:53:21.417', TIMESTAMP '2019-01-27 19:53:21.417'),
(33847, DATE '2019-01-27', 'A06004', 981, 'C01', NULL, NULL, TIMESTAMP '2019-01-27 19:53:21.437', TIMESTAMP '2019-01-27 19:53:21.437'),
(33848, DATE '2019-01-25', 'A06003', 1000, 'C01', NULL, NULL, TIMESTAMP '2019-01-27 19:53:21.449', TIMESTAMP '2019-01-27 19:53:21.449'),
(33849, DATE '2019-01-25', 'A04030', 1299, 'C01', NULL, NULL, TIMESTAMP '2019-01-27 19:53:21.469', TIMESTAMP '2019-01-27 19:53:21.469'),
(33850, DATE '2019-01-25', 'A02031', 641, 'C01', NULL, NULL, TIMESTAMP '2019-01-27 19:53:21.48', TIMESTAMP '2019-01-27 19:53:21.48'),
(33851, DATE '2019-01-26', 'A08050', 1188, 'C01', NULL, NULL, TIMESTAMP '2019-01-27 19:53:21.5', TIMESTAMP '2019-01-27 19:53:21.5'),
(33852, DATE '2019-01-24', 'A01075', 1009, 'C01', NULL, NULL, TIMESTAMP '2019-01-27 19:53:21.511', TIMESTAMP '2019-01-27 19:53:21.511'),
(33853, DATE '2019-01-22', 'A01078', 3572, 'C11', NULL, 31093, TIMESTAMP '2019-01-27 19:53:21.531', TIMESTAMP '2019-01-27 19:53:21.531'),
(33854, DATE '2019-01-23', 'D05001', 1530, 'C01', NULL, NULL, TIMESTAMP '2019-01-27 19:59:01.815', TIMESTAMP '2019-01-27 19:59:01.815'),
(33855, DATE '2019-01-23', 'D05002', 590, 'C01', NULL, NULL, TIMESTAMP '2019-01-27 19:59:01.826', TIMESTAMP '2019-01-27 19:59:01.826'),
(33856, DATE '2019-01-24', 'D05001', 1980, 'C01', NULL, NULL, TIMESTAMP '2019-01-27 19:59:01.851', TIMESTAMP '2019-01-27 19:59:01.851'),
(33857, DATE '2019-01-24', 'D05002', 2000, 'C01', NULL, NULL, TIMESTAMP '2019-01-27 19:59:01.875', TIMESTAMP '2019-01-27 19:59:01.875'),
(33858, DATE '2019-01-26', 'D05001', 630, 'C01', NULL, NULL, TIMESTAMP '2019-01-27 19:59:01.891', TIMESTAMP '2019-01-27 19:59:01.891'),
(33859, DATE '2019-01-26', 'D05002', 350, 'C01', NULL, NULL, TIMESTAMP '2019-01-27 19:59:01.914', TIMESTAMP '2019-01-27 19:59:01.914'),
(33860, DATE '2019-01-22', 'A06001', 1000, 'C01', NULL, NULL, TIMESTAMP '2019-01-27 20:05:03.686', TIMESTAMP '2019-01-27 20:05:03.686'),
(33869, DATE '2019-01-31', 'A01079', 8110, 'C01', NULL, NULL, TIMESTAMP '2019-02-10 21:54:41.264', TIMESTAMP '2019-02-10 21:54:41.264'),
(33870, DATE '2019-02-02', 'G01001', 5572, 'C16', STRINGDECODE('\u65b0\u5e74\u30d1\u30fc\u30c6\u30a3\u30fc'), 31221, TIMESTAMP '2019-02-10 21:54:41.281', TIMESTAMP '2019-02-10 21:54:41.281'),
(33871, DATE '2019-02-02', 'G01001', -5572, 'C01', STRINGDECODE('\u65b0\u5e74\u30d1\u30fc\u30c6\u30a3\u30fc'), NULL, TIMESTAMP '2019-02-10 21:54:41.292', TIMESTAMP '2019-02-10 21:54:41.292'),
(33872, DATE '2019-02-02', 'Z02001', 3500, 'C01', STRINGDECODE('\u65b0\u5e74\u30d1\u30fc\u30c6\u30a3\u30fc'), NULL, TIMESTAMP '2019-02-10 21:54:41.3', TIMESTAMP '2019-02-10 21:54:41.3'),
(33873, DATE '2019-02-03', 'A06001', 3155, 'C16', NULL, 31221, TIMESTAMP '2019-02-10 21:54:41.307', TIMESTAMP '2019-02-10 21:54:41.307');        
INSERT INTO PUBLIC.PAY_INFO(ID, SPEND_DATE, GOODS_ID, AMOUNT, ACCOUNT_ID, MEMO, REPAY_ID, CREATE_TIME, UPDATE_TIME) VALUES
(33874, DATE '2019-02-03', 'A01068', 124, 'C01', NULL, NULL, TIMESTAMP '2019-02-10 21:54:41.316', TIMESTAMP '2019-02-10 21:54:41.316'),
(33875, DATE '2019-02-03', 'A01068', 1284, 'C01', NULL, NULL, TIMESTAMP '2019-02-10 21:54:41.324', TIMESTAMP '2019-02-10 21:54:41.324'),
(33876, DATE '2019-02-01', 'A08050', 648, 'C01', NULL, NULL, TIMESTAMP '2019-02-10 21:54:41.329', TIMESTAMP '2019-02-10 21:54:41.329'),
(33877, DATE '2019-01-28', 'A01078', 3827, 'C11', NULL, 31093, TIMESTAMP '2019-02-10 22:06:31.041', TIMESTAMP '2019-02-10 22:06:31.041'),
(33878, DATE '2019-02-01', 'A06001', 1509, 'C01', NULL, NULL, TIMESTAMP '2019-02-10 22:06:31.048', TIMESTAMP '2019-02-10 22:06:31.048'),
(33879, DATE '2019-01-31', 'A08016', 1870, 'C11', NULL, 31093, TIMESTAMP '2019-02-10 22:06:31.056', TIMESTAMP '2019-02-10 22:06:31.056'),
(33880, DATE '2019-01-29', 'A10010', 2490, 'C01', NULL, NULL, TIMESTAMP '2019-02-10 22:06:31.064', TIMESTAMP '2019-02-10 22:06:31.064'),
(33881, DATE '2019-02-08', 'A01062', 853, 'C01', NULL, NULL, TIMESTAMP '2019-02-10 22:06:31.074', TIMESTAMP '2019-02-10 22:06:31.074'),
(33882, DATE '2019-01-28', 'A06001', 1000, 'C01', NULL, NULL, TIMESTAMP '2019-02-10 22:06:31.082', TIMESTAMP '2019-02-10 22:06:31.082'),
(33883, DATE '2019-02-04', 'A01078', 4471, 'C11', NULL, 31223, TIMESTAMP '2019-02-10 22:06:31.089', TIMESTAMP '2019-02-10 22:06:31.089'),
(33884, DATE '2019-01-30', 'G02002', 4300, 'C01', 'CD266984552JP', NULL, TIMESTAMP '2019-02-10 22:06:31.097', TIMESTAMP '2019-02-10 22:06:31.097'),
(33885, DATE '2019-01-29', 'G02001', 3700, 'C01', 'CD346827198JP', NULL, TIMESTAMP '2019-02-10 22:06:31.109', TIMESTAMP '2019-02-10 22:06:31.109'),
(33886, DATE '2019-02-04', 'A06001', 1274, 'C16', NULL, 31221, TIMESTAMP '2019-02-10 22:39:39.352', TIMESTAMP '2019-02-10 22:39:39.352'),
(33887, DATE '2019-02-09', 'D03009', 3000, 'C01', STRINGDECODE('\u30c8\u30a4\u30ec\u51e6\u5206'), NULL, TIMESTAMP '2019-02-10 22:40:28.473', TIMESTAMP '2019-02-10 22:40:28.473'),
(33888, DATE '2019-01-28', 'D05002', 600, 'C01', NULL, NULL, TIMESTAMP '2019-02-10 22:41:06.139', TIMESTAMP '2019-02-10 22:41:06.139'),
(33889, DATE '2019-01-29', 'G02001', 17500, 'C01', NULL, NULL, TIMESTAMP '2019-02-10 22:42:35.17', TIMESTAMP '2019-02-10 22:42:35.17'),
(33890, DATE '2019-02-08', 'A10010', 1740, 'C01', NULL, NULL, TIMESTAMP '2019-02-10 22:50:38.342', TIMESTAMP '2019-02-10 22:50:38.342'),
(33891, DATE '2019-02-10', 'A08050', 432, 'C01', NULL, NULL, TIMESTAMP '2019-02-10 22:50:38.347', TIMESTAMP '2019-02-10 22:50:38.347'),
(33892, DATE '2019-02-02', 'A01075', 1163, 'C01', NULL, NULL, TIMESTAMP '2019-02-10 22:50:38.353', TIMESTAMP '2019-02-10 22:50:38.353'),
(33893, DATE '2019-02-04', 'A08010', 2887, 'C11', NULL, 31223, TIMESTAMP '2019-02-10 22:50:38.359', TIMESTAMP '2019-02-10 22:50:38.359'),
(33894, DATE '2019-02-06', 'A01078', 567, 'C01', NULL, NULL, TIMESTAMP '2019-02-10 22:50:38.363', TIMESTAMP '2019-02-10 22:50:38.363'),
(33895, DATE '2019-02-07', 'A01079', 4566, 'C01', NULL, NULL, TIMESTAMP '2019-02-10 22:50:38.368', TIMESTAMP '2019-02-10 22:50:38.368'),
(33896, DATE '2019-02-09', 'F4001', 1404, 'C01', STRINGDECODE('\u6559\u6750'), NULL, TIMESTAMP '2019-02-10 22:51:50.261', TIMESTAMP '2019-02-10 22:51:50.261'),
(33897, DATE '2019-02-09', 'A08050', 216, 'C01', NULL, NULL, TIMESTAMP '2019-02-10 22:52:11.519', TIMESTAMP '2019-02-10 22:52:11.519'),
(33898, DATE '2019-01-29', 'D02017', 4800, 'C01', STRINGDECODE('\u4f53\u64cd\u670d'), NULL, TIMESTAMP '2019-02-10 22:52:44.856', TIMESTAMP '2019-02-10 22:52:44.856'),
(33899, DATE '2019-02-08', 'A01004', 2067, 'C01', NULL, NULL, TIMESTAMP '2019-02-10 23:00:49.373', TIMESTAMP '2019-02-10 23:00:49.373'),
(33900, DATE '2019-02-10', 'A06001', 2470, 'C01', NULL, NULL, TIMESTAMP '2019-02-10 23:00:49.384', TIMESTAMP '2019-02-10 23:00:49.384'),
(33901, DATE '2019-01-15', 'D07006', 4850, 'C15', STRINGDECODE('Minsell \u3010SGS\u8a8d\u8a3c\u6e08\u307f\u3011\u84b8\u3057\u3082\u306e\u934b \u300c3\u5c64\u5e95\u300d\u6e80\u83dc \u4e8c\u6bb5 \u4e09\u6bb5'), 31189, TIMESTAMP '2019-02-10 23:12:57.879', TIMESTAMP '2019-02-10 23:16:16.387');
INSERT INTO PUBLIC.PAY_INFO(ID, SPEND_DATE, GOODS_ID, AMOUNT, ACCOUNT_ID, MEMO, REPAY_ID, CREATE_TIME, UPDATE_TIME) VALUES
(33902, DATE '2019-01-04', 'D07006', 3144, 'C15', STRINGDECODE('1\u7d1a\u906e\u5149\u30ab\u30fc\u30c6\u30f3 \u30d7\u30e9\u30cd\u30c3\u30c8 \u30e9\u30a4\u30c8\u30d6\u30eb\u30fc \u5e45100cm\u00d7\u4e08110cm 2\u679a\u5165 \u51682\u82728\u30b5\u30a4\u30ba'), 31189, TIMESTAMP '2019-02-10 23:12:57.884', TIMESTAMP '2019-02-10 23:16:16.393'),
(33903, DATE '2019-01-04', 'G02001', 8747, 'C15', NULL, 31189, TIMESTAMP '2019-02-10 23:17:11.15', TIMESTAMP '2019-02-10 23:17:11.15'),
(33904, DATE '2019-01-04', 'G02001', 2599, 'C15', NULL, 31189, TIMESTAMP '2019-02-10 23:17:43.001', TIMESTAMP '2019-02-10 23:17:43.001'),
(33905, DATE '2019-01-19', 'B01001', 6717, 'C16', NULL, 31221, TIMESTAMP '2019-02-10 23:22:01.722', TIMESTAMP '2019-02-10 23:22:01.722'),
(33906, DATE '2019-02-09', 'A01078', 2133, 'C16', NULL, 31221, TIMESTAMP '2019-02-10 23:22:38.702', TIMESTAMP '2019-02-10 23:22:38.702'),
(33907, DATE '2019-01-09', 'Z01002', 3000, 'C05', NULL, 31224, TIMESTAMP '2019-02-10 23:23:41.518', TIMESTAMP '2019-02-10 23:23:41.518'),
(33908, DATE '2019-01-24', 'Z01002', 3000, 'C05', NULL, 31224, TIMESTAMP '2019-02-10 23:24:02.563', TIMESTAMP '2019-02-10 23:24:02.563'),
(33909, DATE '2019-01-31', 'D01003', 3000, 'C05', NULL, 31224, TIMESTAMP '2019-02-10 23:24:37.237', TIMESTAMP '2019-02-10 23:24:37.237'),
(33910, DATE '2019-02-08', 'D01003', 3000, 'C05', NULL, NULL, TIMESTAMP '2019-02-10 23:24:37.245', TIMESTAMP '2019-02-10 23:24:37.245'),
(33933, DATE '2019-02-10', 'A08050', 540, 'C01', NULL, NULL, TIMESTAMP '2019-02-24 09:16:38.722', TIMESTAMP '2019-02-24 09:16:38.722'),
(33934, DATE '2019-02-12', 'A01003', 1013, 'C01', NULL, NULL, TIMESTAMP '2019-02-24 09:16:38.744', TIMESTAMP '2019-02-24 09:16:38.744'),
(33935, DATE '2019-02-12', 'A01003', 414, 'C01', NULL, NULL, TIMESTAMP '2019-02-24 09:16:38.755', TIMESTAMP '2019-02-24 09:16:38.755'),
(33936, DATE '2019-02-20', 'A01003', 1143, 'C01', NULL, NULL, TIMESTAMP '2019-02-24 09:16:38.813', TIMESTAMP '2019-02-24 09:16:38.813'),
(33937, DATE '2019-02-13', 'A04030', 536, 'C01', NULL, NULL, TIMESTAMP '2019-02-24 09:16:38.849', TIMESTAMP '2019-02-24 09:16:38.849'),
(33938, DATE '2019-02-14', 'A10010', 3920, 'C01', NULL, NULL, TIMESTAMP '2019-02-24 09:16:38.888', TIMESTAMP '2019-02-24 09:16:38.888'),
(33939, DATE '2019-02-18', 'A01075', 1572, 'C01', NULL, NULL, TIMESTAMP '2019-02-24 09:16:38.911', TIMESTAMP '2019-02-24 09:16:38.911'),
(33940, DATE '2019-02-13', 'A06004', 534, 'C01', NULL, NULL, TIMESTAMP '2019-02-24 09:16:38.93', TIMESTAMP '2019-02-24 09:16:38.93'),
(33941, DATE '2019-02-12', 'A02031', 429, 'C01', NULL, NULL, TIMESTAMP '2019-02-24 09:16:38.947', TIMESTAMP '2019-02-24 09:16:38.947'),
(33942, DATE '2019-02-12', 'A02031', 795, 'C01', NULL, NULL, TIMESTAMP '2019-02-24 09:16:38.974', TIMESTAMP '2019-02-24 09:16:38.974'),
(33943, DATE '2019-02-15', 'A06004', 372, 'C01', NULL, NULL, TIMESTAMP '2019-02-24 09:16:39.01', TIMESTAMP '2019-02-24 09:16:39.01'),
(33944, DATE '2019-02-15', 'G02002', 3400, 'C01', 'CD367434775JP', NULL, TIMESTAMP '2019-02-24 09:20:20.485', TIMESTAMP '2019-02-24 09:20:20.485'),
(33945, DATE '2019-02-21', 'A01004', 5009, 'C01', '', NULL, TIMESTAMP '2019-02-24 09:20:20.5', TIMESTAMP '2019-02-24 09:22:08.931'),
(33946, DATE '2019-02-21', 'G02001', 4110, 'C11', '', 31223, TIMESTAMP '2019-02-24 09:20:20.52', TIMESTAMP '2019-02-24 09:22:08.943'),
(33947, DATE '2019-02-22', 'G02002', 3100, 'C01', 'CD367434792JP', NULL, TIMESTAMP '2019-02-24 09:20:20.529', TIMESTAMP '2019-02-24 09:20:20.529'),
(33948, DATE '2019-02-18', 'G02002', 3400, 'C01', 'CD367434789JP', NULL, TIMESTAMP '2019-02-24 09:20:20.546', TIMESTAMP '2019-02-24 09:20:20.546'),
(33949, DATE '2019-02-13', 'G02002', 3400, 'C01', 'CD266984570JP', NULL, TIMESTAMP '2019-02-24 09:20:20.561', TIMESTAMP '2019-02-24 09:20:20.561'),
(33950, DATE '2019-02-18', 'A01078', 6441, 'C11', NULL, 31223, TIMESTAMP '2019-02-24 09:23:52.908', TIMESTAMP '2019-02-24 09:23:52.908'),
(33951, DATE '2019-02-12', 'A01078', 2515, 'C11', '', 31223, TIMESTAMP '2019-02-24 09:23:52.933', TIMESTAMP '2019-02-24 10:10:38.704');    
INSERT INTO PUBLIC.PAY_INFO(ID, SPEND_DATE, GOODS_ID, AMOUNT, ACCOUNT_ID, MEMO, REPAY_ID, CREATE_TIME, UPDATE_TIME) VALUES
(33952, DATE '2019-02-14', 'A01078', 3884, 'C11', NULL, 31223, TIMESTAMP '2019-02-24 09:23:52.942', TIMESTAMP '2019-02-24 09:23:52.942'),
(33953, DATE '2019-02-21', 'A01078', 1224, 'C11', NULL, 31223, TIMESTAMP '2019-02-24 09:23:52.963', TIMESTAMP '2019-02-24 09:23:52.963'),
(33954, DATE '2019-02-18', 'A01078', 3648, 'C11', NULL, 31223, TIMESTAMP '2019-02-24 09:24:17.7', TIMESTAMP '2019-02-24 09:24:17.7'),
(33955, DATE '2019-02-20', 'F3003', 6500, 'C01', NULL, NULL, TIMESTAMP '2019-02-24 09:27:06.862', TIMESTAMP '2019-02-24 09:27:06.862'),
(33956, DATE '2019-02-14', 'F3003', 1000, 'C01', STRINGDECODE('7\u7d1a\u8a8d\u5b9a'), NULL, TIMESTAMP '2019-02-24 09:27:06.901', TIMESTAMP '2019-02-24 09:27:06.901'),
(33957, DATE '2019-02-14', 'A10006', 3240, 'C01', STRINGDECODE('\u82b1'), NULL, TIMESTAMP '2019-02-24 09:33:42.998', TIMESTAMP '2019-02-24 09:33:42.998'),
(33958, DATE '2019-02-23', 'C01002', 1000, 'C01', 'JAWS-UG', NULL, TIMESTAMP '2019-02-24 09:33:59.276', TIMESTAMP '2019-02-24 09:33:59.276'),
(33959, DATE '2019-02-23', 'D04001', 2200, 'C01', NULL, NULL, TIMESTAMP '2019-02-24 09:34:54.639', TIMESTAMP '2019-02-24 09:34:54.639'),
(33960, DATE '2019-02-23', 'A06003', 1000, 'C01', NULL, NULL, TIMESTAMP '2019-02-24 09:34:54.646', TIMESTAMP '2019-02-24 09:34:54.646'),
(33961, DATE '2019-02-23', 'A06001', 1200, 'C01', NULL, NULL, TIMESTAMP '2019-02-24 09:34:54.662', TIMESTAMP '2019-02-24 09:34:54.662'),
(33962, DATE '2019-02-23', 'D01003', 1000, 'C01', NULL, NULL, TIMESTAMP '2019-02-24 09:38:18.951', TIMESTAMP '2019-02-24 09:38:18.951'),
(33963, DATE '2019-02-16', 'A06003', 5000, 'C01', STRINGDECODE('\u99d2\u6ca2\u516c\u5712\u307e\u3064\u308a'), NULL, TIMESTAMP '2019-02-24 09:41:40.706', TIMESTAMP '2019-02-24 09:41:40.706'),
(33964, DATE '2018-12-31', 'B01002', 9714, 'C16', NULL, 31221, TIMESTAMP '2019-02-24 09:47:44.875', TIMESTAMP '2019-02-24 09:47:44.875'),
(33965, DATE '2019-02-17', 'A06003', 2185, 'C16', NULL, NULL, TIMESTAMP '2019-02-24 10:01:50.747', TIMESTAMP '2019-02-24 10:01:50.747'),
(33966, DATE '2019-01-22', 'G02001', 1205, 'C11', NULL, 31093, TIMESTAMP '2019-02-24 10:05:50.302', TIMESTAMP '2019-02-24 10:05:50.302'),
(33967, DATE '2019-01-25', 'G02001', 1836, 'C11', NULL, 31093, TIMESTAMP '2019-02-24 10:05:50.329', TIMESTAMP '2019-02-24 10:05:50.329'),
(33968, DATE '2019-01-27', 'G02001', 3240, 'C11', NULL, 31093, TIMESTAMP '2019-02-24 10:05:50.355', TIMESTAMP '2019-02-24 10:05:50.355'),
(33969, DATE '2019-01-22', 'G02001', 4238, 'C11', '', 31093, TIMESTAMP '2019-02-24 10:07:28.11', TIMESTAMP '2019-02-24 10:07:49.689'),
(33970, DATE '2019-02-12', 'D03006', 1390, 'C15', NULL, NULL, TIMESTAMP '2019-02-24 10:14:19.689', TIMESTAMP '2019-02-24 10:14:19.689'),
(33971, DATE '2019-02-27', 'D01003', 3000, 'C05', '', NULL, TIMESTAMP '2019-02-24 10:16:31.053', TIMESTAMP '2019-03-02 22:33:36.965'),
(33997, DATE '2019-02-20', 'A03004', 1000, 'C01', '7-11 nanaco', NULL, TIMESTAMP '2019-03-02 20:47:05.063', TIMESTAMP '2019-03-02 20:47:05.063'),
(34029, DATE '2019-03-02', 'A06001', 2470, 'C01', NULL, NULL, TIMESTAMP '2019-03-02 21:08:10.587', TIMESTAMP '2019-03-02 21:08:10.587'),
(34030, DATE '2019-03-01', 'A06003', 1724, 'C07', NULL, NULL, TIMESTAMP '2019-03-02 21:08:10.627', TIMESTAMP '2019-03-02 21:08:10.627'),
(34031, DATE '2019-02-24', 'A01078', 2977, 'C07', NULL, NULL, TIMESTAMP '2019-03-02 21:08:10.638', TIMESTAMP '2019-03-02 21:08:10.638'),
(34032, DATE '2019-02-26', 'A01078', 3991, 'C07', NULL, NULL, TIMESTAMP '2019-03-02 21:08:10.657', TIMESTAMP '2019-03-02 21:08:10.657'),
(34033, DATE '2019-02-12', 'A08050', 216, 'C01', NULL, NULL, TIMESTAMP '2019-03-02 21:08:10.67', TIMESTAMP '2019-03-02 21:08:10.67'),
(34034, DATE '2019-02-26', 'A01062', 907, 'C01', NULL, NULL, TIMESTAMP '2019-03-02 21:08:10.688', TIMESTAMP '2019-03-02 21:08:10.688'),
(34035, DATE '2019-02-24', 'A08050', 216, 'C08', NULL, NULL, TIMESTAMP '2019-03-02 21:09:41.873', TIMESTAMP '2019-03-02 21:09:41.873'),
(34036, DATE '2019-02-28', 'A01078', 1257, 'C08', NULL, NULL, TIMESTAMP '2019-03-02 21:09:41.892', TIMESTAMP '2019-03-02 21:09:41.892');     
INSERT INTO PUBLIC.PAY_INFO(ID, SPEND_DATE, GOODS_ID, AMOUNT, ACCOUNT_ID, MEMO, REPAY_ID, CREATE_TIME, UPDATE_TIME) VALUES
(34037, DATE '2019-02-28', 'A04030', 322, 'C01', NULL, NULL, TIMESTAMP '2019-03-02 21:18:52.017', TIMESTAMP '2019-03-02 21:18:52.017'),
(34038, DATE '2019-02-28', 'A03001', 180, 'C01', NULL, NULL, TIMESTAMP '2019-03-02 21:18:52.032', TIMESTAMP '2019-03-02 21:18:52.032'),
(34039, DATE '2019-02-11', 'D04001', 4320, 'C11', STRINGDECODE('\u30ad\u30c3\u30b6\u30cb\u30a2'), 31223, TIMESTAMP '2019-03-02 21:18:52.045', TIMESTAMP '2019-03-02 21:42:20.523'),
(34040, DATE '2019-02-27', 'A08050', 108, 'C01', NULL, NULL, TIMESTAMP '2019-03-02 21:18:52.06', TIMESTAMP '2019-03-02 21:18:52.06'),
(34041, DATE '2019-03-01', 'A06001', 660, 'C01', NULL, NULL, TIMESTAMP '2019-03-02 21:18:52.067', TIMESTAMP '2019-03-02 21:18:52.067'),
(34042, DATE '2019-02-26', 'G02002', 2700, 'C01', 'EG585017691JP', NULL, TIMESTAMP '2019-03-02 21:22:06.936', TIMESTAMP '2019-03-02 21:22:06.936'),
(34043, DATE '2019-02-21', 'F3002', 4104, 'C01', STRINGDECODE('\u767a\u8868\u4f1a\u8cc7\u6599'), NULL, TIMESTAMP '2019-03-02 21:35:25.918', TIMESTAMP '2019-03-02 21:35:25.918'),
(34044, DATE '2019-02-22', 'F4001', 1404, 'C01', STRINGDECODE('\u6559\u6750'), NULL, TIMESTAMP '2019-03-02 21:35:25.938', TIMESTAMP '2019-03-02 21:35:25.938'),
(34045, DATE '2019-03-02', 'D05001', 610, 'C01', NULL, NULL, TIMESTAMP '2019-03-02 21:37:02.652', TIMESTAMP '2019-03-02 21:37:02.652'),
(34046, DATE '2019-03-02', 'D05002', 540, 'C01', NULL, NULL, TIMESTAMP '2019-03-02 21:37:02.684', TIMESTAMP '2019-03-02 21:37:02.684'),
(34047, DATE '2019-02-19', 'G02001', 7781, 'C11', NULL, 31223, TIMESTAMP '2019-03-02 21:44:14.191', TIMESTAMP '2019-03-02 21:44:14.191'),
(34048, DATE '2019-02-08', 'G02001', 658, 'C11', NULL, 31223, TIMESTAMP '2019-03-02 21:44:14.208', TIMESTAMP '2019-03-02 21:44:14.208'),
(34049, DATE '2019-02-21', 'G02001', 1680, 'C11', NULL, 31223, TIMESTAMP '2019-03-02 21:44:14.227', TIMESTAMP '2019-03-02 21:44:14.227'),
(34050, DATE '2019-02-22', 'G02001', 5480, 'C11', NULL, 31223, TIMESTAMP '2019-03-02 21:44:14.238', TIMESTAMP '2019-03-02 21:44:14.238'),
(34051, DATE '2019-02-24', 'G02001', 2592, 'C11', NULL, 31223, TIMESTAMP '2019-03-02 21:44:14.255', TIMESTAMP '2019-03-02 21:44:14.255'),
(34052, DATE '2019-02-25', 'G02001', 1980, 'C11', NULL, 31223, TIMESTAMP '2019-03-02 21:44:14.267', TIMESTAMP '2019-03-02 21:44:14.267'),
(34053, DATE '2019-02-08', 'G02001', 873, 'C11', NULL, 31223, TIMESTAMP '2019-03-02 21:44:46.038', TIMESTAMP '2019-03-02 21:44:46.038'),
(34054, DATE '2019-02-08', 'G02001', 2302, 'C11', NULL, 31223, TIMESTAMP '2019-03-02 21:45:12.29', TIMESTAMP '2019-03-02 21:45:12.29'),
(34055, DATE '2019-02-21', 'G02001', 2712, 'C11', NULL, 31223, TIMESTAMP '2019-03-02 21:45:12.318', TIMESTAMP '2019-03-02 21:45:12.318'),
(34056, DATE '2019-02-27', 'A01003', 2000, 'C01', NULL, NULL, TIMESTAMP '2019-03-02 21:52:20.15', TIMESTAMP '2019-03-02 21:52:20.15'),
(34057, DATE '2019-02-28', 'A01003', 12000, 'C01', STRINGDECODE('\uff12\u6708\u672b\u8a08\u4e0a'), NULL, TIMESTAMP '2019-03-02 21:58:25.844', TIMESTAMP '2019-03-02 21:58:25.844'),
(34058, DATE '2019-01-08', 'F4001', 7020, 'C02', 'YAMAHA', NULL, TIMESTAMP '2019-03-02 22:13:32.158', TIMESTAMP '2019-03-02 22:13:32.158'),
(34059, DATE '2019-01-18', 'E13003', 5690, 'C02', NULL, NULL, TIMESTAMP '2019-03-02 22:14:54.795', TIMESTAMP '2019-03-02 22:14:54.795'),
(34060, DATE '2019-01-28', 'F4003', 7020, 'C02', STRINGDECODE('\uff11\u6708\u4efd\u6e38\u6cf3'), NULL, TIMESTAMP '2019-03-02 22:16:23.98', TIMESTAMP '2019-03-02 22:16:23.98'),
(34061, DATE '2019-01-28', 'F4002', 5400, 'C02', STRINGDECODE('\u5b66\u7814'), NULL, TIMESTAMP '2019-03-02 22:16:23.994', TIMESTAMP '2019-03-02 22:16:23.994'),
(34062, DATE '2019-01-28', 'F3004', 7560, 'C02', STRINGDECODE('\uff11\u6708\u4efd\u5b66\u7814'), NULL, TIMESTAMP '2019-03-02 22:16:24.012', TIMESTAMP '2019-03-02 22:16:24.012'),
(34063, DATE '2019-02-01', 'B03003', 18790, 'C02', NULL, NULL, TIMESTAMP '2019-03-02 22:19:49.804', TIMESTAMP '2019-03-02 22:19:49.804'),
(34064, DATE '2019-02-08', 'F4001', 7020, 'C02', 'YAMAHA', NULL, TIMESTAMP '2019-03-02 22:20:18.407', TIMESTAMP '2019-03-02 22:21:56.438');  
INSERT INTO PUBLIC.PAY_INFO(ID, SPEND_DATE, GOODS_ID, AMOUNT, ACCOUNT_ID, MEMO, REPAY_ID, CREATE_TIME, UPDATE_TIME) VALUES
(34065, DATE '2019-02-08', 'F4001', 3950, 'C02', 'YAMAHA', NULL, TIMESTAMP '2019-03-02 22:21:14.079', TIMESTAMP '2019-03-02 22:21:56.453'),
(34066, DATE '2019-02-18', 'E13003', 8490, 'C02', NULL, NULL, TIMESTAMP '2019-03-02 22:24:19.878', TIMESTAMP '2019-03-02 22:24:19.878'),
(34067, DATE '2019-02-20', 'B01003', 8710, 'C02', NULL, NULL, TIMESTAMP '2019-03-02 22:25:38.328', TIMESTAMP '2019-03-02 22:25:38.328'),
(34068, DATE '2019-02-15', 'B01001', 6256, 'C16', NULL, NULL, TIMESTAMP '2019-03-02 22:30:41.157', TIMESTAMP '2019-03-02 22:30:41.157'),
(34069, DATE '2019-02-14', 'A06001', 850, 'C05', NULL, NULL, TIMESTAMP '2019-03-02 22:34:36.051', TIMESTAMP '2019-03-02 22:34:36.051'),
(34070, DATE '2019-02-17', 'A06001', 600, 'C05', NULL, NULL, TIMESTAMP '2019-03-02 22:34:36.065', TIMESTAMP '2019-03-02 22:34:36.065'),
(34071, DATE '2019-02-19', 'A06001', 445, 'C05', NULL, NULL, TIMESTAMP '2019-03-02 22:34:36.081', TIMESTAMP '2019-03-02 22:34:36.081'),
(34072, DATE '2019-02-15', 'E13002', 26000, 'C12', NULL, NULL, TIMESTAMP '2019-03-02 22:44:45.459', TIMESTAMP '2019-03-02 22:44:45.459'),
(34073, DATE '2019-02-15', 'E13007', 700, 'C12', STRINGDECODE('\u51b7\u623f'), NULL, TIMESTAMP '2019-03-02 22:44:45.474', TIMESTAMP '2019-03-02 22:44:45.474'),
(34074, DATE '2019-02-15', 'E13002', 2500, 'C12', NULL, NULL, TIMESTAMP '2019-03-02 22:44:45.491', TIMESTAMP '2019-03-02 22:44:45.491'),
(34075, DATE '2019-02-15', 'E13009', 1500, 'C12', NULL, NULL, TIMESTAMP '2019-03-02 22:44:45.5', TIMESTAMP '2019-03-02 22:44:45.5'),
(34076, DATE '2019-02-15', 'E13003', 360, 'C12', NULL, NULL, TIMESTAMP '2019-03-02 22:44:45.511', TIMESTAMP '2019-03-02 22:44:45.511'),
(34077, DATE '2019-02-15', 'E13008', 70, 'C12', NULL, NULL, TIMESTAMP '2019-03-02 22:44:45.53', TIMESTAMP '2019-03-02 22:44:45.53'),
(34078, DATE '2019-02-15', 'E13007', 0, 'C12', STRINGDECODE('\u7d75\u672c'), NULL, TIMESTAMP '2019-03-02 22:44:45.539', TIMESTAMP '2019-03-02 22:44:45.539'),
(34093, DATE '2019-03-13', 'A06012', 2500, 'C01', NULL, NULL, TIMESTAMP '2019-03-13 21:51:31.079', TIMESTAMP '2019-03-13 21:51:31.079'),
(34094, DATE '2019-03-10', 'A06001', 2300, 'C01', NULL, NULL, TIMESTAMP '2019-03-13 21:51:31.133', TIMESTAMP '2019-03-13 21:51:31.133'),
(34095, DATE '2019-03-04', 'A06004', 464, 'C01', NULL, NULL, TIMESTAMP '2019-03-13 21:52:55.784', TIMESTAMP '2019-03-13 21:52:55.784'),
(34096, DATE '2019-03-06', 'A01079', 8104, 'C01', NULL, NULL, TIMESTAMP '2019-03-13 21:52:55.803', TIMESTAMP '2019-03-13 21:52:55.803'),
(34097, DATE '2019-03-05', 'A01078', 3831, 'C08', NULL, NULL, TIMESTAMP '2019-03-13 21:52:55.82', TIMESTAMP '2019-03-13 21:52:55.82'),
(34098, DATE '2019-03-03', 'A01078', 2136, 'C08', NULL, NULL, TIMESTAMP '2019-03-13 21:53:39.195', TIMESTAMP '2019-03-13 21:53:39.195'),
(34099, DATE '2019-03-04', 'D05002', 1380, 'C01', NULL, NULL, TIMESTAMP '2019-03-13 21:56:48.803', TIMESTAMP '2019-03-13 21:56:48.803'),
(34100, DATE '2019-03-04', 'D05001', 1000, 'C01', NULL, NULL, TIMESTAMP '2019-03-13 21:56:48.824', TIMESTAMP '2019-03-13 21:56:48.824'),
(34101, DATE '2019-03-09', 'A04030', 300, 'C01', NULL, NULL, TIMESTAMP '2019-03-13 22:01:36.389', TIMESTAMP '2019-03-13 22:01:36.389'),
(34102, DATE '2019-03-11', 'A01078', 4381, 'C07', NULL, NULL, TIMESTAMP '2019-03-13 22:01:36.415', TIMESTAMP '2019-03-13 22:01:36.415'),
(34103, DATE '2019-03-12', 'G02002', 3100, 'C01', 'CD367434801JP', NULL, TIMESTAMP '2019-03-13 22:01:36.437', TIMESTAMP '2019-03-13 22:01:36.437'),
(34104, DATE '2019-03-10', 'D04001', 1000, 'C01', NULL, NULL, TIMESTAMP '2019-03-13 22:04:08.4', TIMESTAMP '2019-03-13 22:04:08.4'),
(34105, DATE '2019-03-06', 'A08038', 1438, 'C01', NULL, NULL, TIMESTAMP '2019-03-13 22:04:08.417', TIMESTAMP '2019-03-13 22:04:08.417'),
(34106, DATE '2019-03-08', 'A06004', 425, 'C01', NULL, NULL, TIMESTAMP '2019-03-13 22:04:08.431', TIMESTAMP '2019-03-13 22:04:08.431'),
(34107, DATE '2019-03-10', 'A06001', 1216, 'C01', NULL, NULL, TIMESTAMP '2019-03-13 22:04:08.453', TIMESTAMP '2019-03-13 22:04:08.453');            
INSERT INTO PUBLIC.PAY_INFO(ID, SPEND_DATE, GOODS_ID, AMOUNT, ACCOUNT_ID, MEMO, REPAY_ID, CREATE_TIME, UPDATE_TIME) VALUES
(34108, DATE '2019-03-09', 'A01075', 425, 'C01', NULL, NULL, TIMESTAMP '2019-03-13 22:04:08.467', TIMESTAMP '2019-03-13 22:04:08.467'),
(34109, DATE '2019-03-14', 'F3003', 6500, 'C01', NULL, NULL, TIMESTAMP '2019-03-13 22:07:27.401', TIMESTAMP '2019-03-13 22:07:27.401'),
(34110, DATE '2019-03-07', 'A06001', 1550, 'C01', STRINGDECODE('\u89aa\u7766\u4f1a'), NULL, TIMESTAMP '2019-03-13 22:08:47.212', TIMESTAMP '2019-03-13 22:08:47.212'),
(34111, DATE '2019-03-08', 'A01003', 2000, 'C01', NULL, NULL, TIMESTAMP '2019-03-13 22:08:47.219', TIMESTAMP '2019-03-13 22:08:47.219'),
(34112, DATE '2018-10-27', 'G02001', 7016, 'C11', NULL, 30871, TIMESTAMP '2019-03-13 22:27:49.836', TIMESTAMP '2019-03-13 22:27:49.836'),
(34113, DATE '2018-10-30', 'G02001', 2029, 'C11', NULL, 30871, TIMESTAMP '2019-03-13 22:28:18.389', TIMESTAMP '2019-03-13 22:28:18.389'),
(34125, DATE '2019-03-16', 'A01075', 778, 'C01', NULL, NULL, TIMESTAMP '2019-03-21 21:23:32.385', TIMESTAMP '2019-03-21 21:23:32.385'),
(34126, DATE '2019-03-16', 'A08010', 1905, 'C07', NULL, NULL, TIMESTAMP '2019-03-21 21:23:32.409', TIMESTAMP '2019-03-21 21:23:32.409'),
(34127, DATE '2019-03-20', 'A08050', 972, 'C01', NULL, NULL, TIMESTAMP '2019-03-21 21:23:32.419', TIMESTAMP '2019-03-21 21:23:32.419'),
(34128, DATE '2019-03-18', 'D09001', 12, 'C01', NULL, NULL, TIMESTAMP '2019-03-21 21:23:32.428', TIMESTAMP '2019-03-21 21:23:32.428'),
(34129, DATE '2019-03-15', 'A06001', 1000, 'C01', NULL, NULL, TIMESTAMP '2019-03-21 21:23:32.445', TIMESTAMP '2019-03-21 21:23:32.445'),
(34130, DATE '2019-03-15', 'A01075', 1513, 'C01', NULL, NULL, TIMESTAMP '2019-03-21 21:23:32.454', TIMESTAMP '2019-03-21 21:23:32.454'),
(34131, DATE '2019-03-21', 'A02031', 2577, 'C01', NULL, NULL, TIMESTAMP '2019-03-21 21:23:32.471', TIMESTAMP '2019-03-21 21:23:32.471'),
(34132, DATE '2019-03-16', 'A01078', 505, 'C08', NULL, NULL, TIMESTAMP '2019-03-21 21:23:32.48', TIMESTAMP '2019-03-21 21:23:32.48'),
(34133, DATE '2019-03-14', 'A01004', 2039, 'C01', NULL, NULL, TIMESTAMP '2019-03-21 21:23:32.49', TIMESTAMP '2019-03-21 21:23:32.49'),
(34134, DATE '2019-03-20', 'A08050', 108, 'C01', NULL, NULL, TIMESTAMP '2019-03-21 21:23:32.511', TIMESTAMP '2019-03-21 21:23:32.511'),
(34135, DATE '2019-03-19', 'A01078', 975, 'C01', NULL, NULL, TIMESTAMP '2019-03-21 21:23:32.519', TIMESTAMP '2019-03-21 21:23:32.519'),
(34136, DATE '2019-03-16', 'D04001', 1000, 'C01', STRINGDECODE('\u54c1\u5ddd\u6c34\u65cf\u9928'), NULL, TIMESTAMP '2019-03-21 21:25:13.069', TIMESTAMP '2019-03-21 21:25:13.069'),
(34137, DATE '2019-03-16', 'A04030', 750, 'C01', STRINGDECODE('\u54c1\u5ddd\u6c34\u65cf\u9928'), NULL, TIMESTAMP '2019-03-21 21:25:13.085', TIMESTAMP '2019-03-21 21:25:13.085'),
(34138, DATE '2019-03-17', 'D04001', 900, 'C01', STRINGDECODE('\u68ee\u6797\u516c\u5712'), NULL, TIMESTAMP '2019-03-21 21:25:13.1', TIMESTAMP '2019-03-21 21:25:13.1'),
(34139, DATE '2019-03-17', 'D01003', 1500, 'C01', STRINGDECODE('\u68ee\u6797\u516c\u5712'), NULL, TIMESTAMP '2019-03-21 21:25:13.108', TIMESTAMP '2019-03-21 21:25:13.108'),
(34140, DATE '2019-03-17', 'A04030', 500, 'C01', STRINGDECODE('\u68ee\u6797\u516c\u5712'), NULL, TIMESTAMP '2019-03-21 21:25:13.12', TIMESTAMP '2019-03-21 21:25:13.12'),
(34141, DATE '2019-03-18', 'D05001', 650, 'C01', NULL, NULL, TIMESTAMP '2019-03-21 21:28:53.442', TIMESTAMP '2019-03-21 21:28:53.442'),
(34142, DATE '2019-03-18', 'D05002', 2600, 'C01', NULL, NULL, TIMESTAMP '2019-03-21 21:28:53.462', TIMESTAMP '2019-03-21 21:28:53.462'),
(34143, DATE '2019-03-19', 'G02002', 2400, 'C01', 'EG585017688JP', NULL, TIMESTAMP '2019-03-21 21:28:53.472', TIMESTAMP '2019-03-21 21:28:53.472'),
(34144, DATE '2019-03-17', 'D07006', 1800, 'C01', STRINGDECODE('\u65ed\u677e\u30fb\u30dc\u30fc\u30ca\u30b9(dasi)'), NULL, TIMESTAMP '2019-03-21 21:29:46.682', TIMESTAMP '2019-03-21 21:29:46.682'),
(34145, DATE '2019-03-17', 'A06004', 172, 'C01', NULL, NULL, TIMESTAMP '2019-03-21 21:32:55.397', TIMESTAMP '2019-03-21 21:32:55.397'),
(34146, DATE '2019-03-14', 'A01078', 2031, 'C08', NULL, NULL, TIMESTAMP '2019-03-21 21:32:55.412', TIMESTAMP '2019-03-21 21:32:55.412');             
INSERT INTO PUBLIC.PAY_INFO(ID, SPEND_DATE, GOODS_ID, AMOUNT, ACCOUNT_ID, MEMO, REPAY_ID, CREATE_TIME, UPDATE_TIME) VALUES
(34147, DATE '2019-03-17', 'A06003', 2678, 'C08', NULL, NULL, TIMESTAMP '2019-03-21 21:32:55.428', TIMESTAMP '2019-03-21 21:32:55.428'),
(34148, DATE '2019-03-17', 'A01078', 751, 'C08', NULL, NULL, TIMESTAMP '2019-03-21 21:33:19.943', TIMESTAMP '2019-03-21 21:33:19.943'); 
--CREATE CACHED TABLE PUBLIC.IN_COME(
--    ID INT NOT NULL,
--    OPERATION_DATE DATE NOT NULL,
--    AMOUNT INT NOT NULL,
--    INCOME_TYPE_ID CHAR(2) NOT NULL,
--    ACCOUNT_ID CHAR(3) NOT NULL,
--    MEMO VARCHAR(100),
--    CREATE_TIME TIMESTAMP(3),
--    UPDATE_TIME TIMESTAMP(3)
--);       
----ALTER TABLE PUBLIC.IN_COME ADD CONSTRAINT PUBLIC.CONSTRAINT_A PRIMARY KEY(ID);
-- 599 +/- SELECT COUNT(*) FROM PUBLIC.IN_COME;                  
INSERT INTO PUBLIC.IN_COME(ID, OPERATION_DATE, AMOUNT, INCOME_TYPE_ID, ACCOUNT_ID, MEMO, CREATE_TIME, UPDATE_TIME) VALUES
(30428, DATE '2019-01-18', 0808, '02', 'C12', NULL, TIMESTAMP '2019-01-20 20:55:59.37', TIMESTAMP '2019-01-20 20:55:59.37'),
(30429, DATE '2019-01-18', 380896060, '01', 'C12', STRINGDECODE('480000-23265\u4fdd\u967a-43005\u5e74\u91d1-3310\u96c7\u7528\u4fdd\u967a-14360\u6240\u5f97\u7a0e'), TIMESTAMP '2019-01-20 20:55:59.376', TIMESTAMP '2019-01-20 20:55:59.376'),
(30430, DATE '2019-01-18', 38080650, '02', 'C12', NULL, TIMESTAMP '2019-01-20 20:55:59.376', TIMESTAMP '2019-01-20 20:55:59.376'),
(30431, DATE '2019-01-18', 28080000, '03', 'C12', NULL, TIMESTAMP '2019-01-20 20:55:59.376', TIMESTAMP '2019-01-20 20:55:59.376'),
(30432, DATE '2019-01-18', 180830000, '01', 'C12', NULL, TIMESTAMP '2019-01-20 20:55:59.411', TIMESTAMP '2019-01-20 20:55:59.411'),
(30433, DATE '2019-01-18', 480837, '02', 'C12', NULL, TIMESTAMP '2019-01-20 20:55:59.415', TIMESTAMP '2019-01-20 20:55:59.415'),
(30434, DATE '2019-01-18', -80817100, '99', 'C12', STRINGDECODE('\u5e02\u6c11\u7a0e'), TIMESTAMP '2019-01-20 20:55:59.415', TIMESTAMP '2019-01-20 20:55:59.415'),
(30460, DATE '2019-02-15', 88080000, '99', 'C02', NULL, TIMESTAMP '2019-03-02 22:23:15.115', TIMESTAMP '2019-03-02 22:23:15.115'),
(30461, DATE '2019-02-20', 48085523, '02', 'C12', '', TIMESTAMP '2019-03-02 00:00:00', TIMESTAMP '2019-03-02 00:00:00'),
(30462, DATE '2019-02-20', 380896060, '01', 'C12', STRINGDECODE('480000-23265\u4fdd\u967a-43005\u5e74\u91d1-3310\u96c7\u7528\u4fdd\u967a-14360\u6240\u5f97\u7a0e'), TIMESTAMP '2019-03-02 22:39:38.547', TIMESTAMP '2019-03-02 22:39:38.547'),
(30463, DATE '2019-02-20', 38080650, '02', 'C12', NULL, TIMESTAMP '2019-03-02 22:39:38.562', TIMESTAMP '2019-03-02 22:39:38.562'),
(30464, DATE '2019-02-20', 28080000, '03', 'C12', NULL, TIMESTAMP '2019-03-02 22:39:38.578', TIMESTAMP '2019-03-02 22:39:38.578'),
(30465, DATE '2019-02-20', 180830000, '01', 'C12', NULL, TIMESTAMP '2019-03-02 22:39:38.596', TIMESTAMP '2019-03-02 22:39:38.596'),
(30466, DATE '2019-02-20', 480837, '02', 'C12', NULL, TIMESTAMP '2019-03-02 22:39:38.613', TIMESTAMP '2019-03-02 22:39:38.613');  
INSERT INTO PUBLIC.IN_COME(ID, OPERATION_DATE, AMOUNT, INCOME_TYPE_ID, ACCOUNT_ID, MEMO, CREATE_TIME, UPDATE_TIME) VALUES
(30467, DATE '2019-02-20', -80817100, '99', 'C12', STRINGDECODE('\u5e02\u6c11\u7a0e'), TIMESTAMP '2019-03-02 00:00:00', TIMESTAMP '2019-03-02 00:00:00'),
(30468, DATE '2019-02-18', 6808, '99', 'C12', NULL, TIMESTAMP '2019-03-02 22:42:04.52', TIMESTAMP '2019-03-02 22:42:04.52');  
--CREATE CACHED TABLE PUBLIC.GOODS_INFO(
--    GOODS_ID CHAR(7) NOT NULL,
--    GOODS_TYPE_ID CHAR(3) NOT NULL,
--    GOODS_NAME VARCHAR(50),
--    GOODS_NAME_PINYIN VARCHAR(100),
--    GOODS_NAME_SHORT_PINYIN VARCHAR(10),
--    CREATE_TIME TIMESTAMP(3),
--    UPDATE_TIME TIMESTAMP(3)
--);      
----ALTER TABLE PUBLIC.GOODS_INFO ADD CONSTRAINT PUBLIC.CONSTRAINT_3 PRIMARY KEY(GOODS_ID);       
-- 688 +/- SELECT COUNT(*) FROM PUBLIC.GOODS_INFO;            
INSERT INTO PUBLIC.GOODS_INFO(GOODS_ID, GOODS_TYPE_ID, GOODS_NAME, GOODS_NAME_PINYIN, GOODS_NAME_SHORT_PINYIN, CREATE_TIME, UPDATE_TIME) VALUES
('A01001', 'A01', STRINGDECODE('\u96ea\u83dc'), 'XueCai', 'XC', NULL, NULL),
('A01002', 'A01', STRINGDECODE('\u9752\u6912'), 'QingJiao', 'QJ', NULL, NULL),
('A01003', 'A01', STRINGDECODE('\u83dc'), 'Cai', 'C', NULL, NULL),
('A01005', 'A01', STRINGDECODE('\u51ac\u74dc'), 'DongGua', 'DG', NULL, NULL),
('A01006', 'A01', STRINGDECODE('\u8304\u5b50'), 'QieZi', 'QZ', NULL, NULL),
('A01007', 'A01', STRINGDECODE('\u5927\u849c'), 'DaSuan', 'DS', NULL, NULL),
('A01008', 'A01', STRINGDECODE('\u751f\u59dc'), 'ShengJiang', 'SJ', NULL, NULL),
('A01010', 'A01', STRINGDECODE('\u82b9\u83dc'), 'QinCai', 'QC', NULL, NULL),
('A01011', 'A01', STRINGDECODE('\u6d0b\u8471'), 'YangCong', 'YC', NULL, NULL),
('A01012', 'A01', STRINGDECODE('\u5927\u8c46'), 'DaDou', 'DD', NULL, NULL),
('A01013', 'A01', STRINGDECODE('\u8150\u7af9'), 'FuZhu', 'FZ', NULL, NULL),
('A01014', 'A01', STRINGDECODE('\u82b1\u5170\u83dc'), 'HuaLanCai', 'HLC', NULL, NULL),
('A01015', 'A01', STRINGDECODE('\u7389\u7c73'), 'YuMi', 'YM', NULL, NULL),
('A01016', 'A01', STRINGDECODE('\u897f\u7ea2\u67ff'), 'XiHongShi', 'XHS', NULL, NULL),
('A01017', 'A01', STRINGDECODE('\u6d77\u5e26'), 'HaiDai', 'HD', NULL, NULL),
('A01018', 'A01', STRINGDECODE('\u9178\u83dc'), 'SuanCai', 'SC', NULL, NULL),
('A01019', 'A01', STRINGDECODE('\u849c\u82d7'), 'SuanMiao', 'SM', NULL, NULL),
('A01020', 'A01', STRINGDECODE('\u7c89\u4e1d'), 'FenSi', 'FS', NULL, NULL),
('A01021', 'A01', STRINGDECODE('\u8c46\u8150'), 'DouFu', 'DF', NULL, NULL),
('A01022', 'A01', STRINGDECODE('\u8c46\u82bd'), 'DouYa', 'DY', NULL, NULL),
('A01023', 'A01', STRINGDECODE('\u56db\u5b63\u8c46'), 'SiJiDou', 'SJD', NULL, NULL),
('A01024', 'A01', STRINGDECODE('\u571f\u8c46'), 'TuDou', 'TD', NULL, NULL),
('A01025', 'A01', STRINGDECODE('\u56db\u5b63\u8c46'), 'SiJiDou', 'SJD', NULL, NULL),
('A01026', 'A01', STRINGDECODE('\u51b7\u51bb\u6bdb\u8c46'), 'LengDongMaoDou', 'LDMD', NULL, NULL),
('A01027', 'A01', STRINGDECODE('\u91d1\u9488\u83c7'), 'JinZhenGu', 'JZG', NULL, NULL),
('A01028', 'A01', STRINGDECODE('\u8c46\u8150\u6ce1'), 'DouFuPao', 'DFP', NULL, NULL),
('A01029', 'A01', STRINGDECODE('\u6bdb\u8c46'), 'MaoDou', 'MD', NULL, NULL),
('A01030', 'A01', STRINGDECODE('\u85d5'), 'Ou', 'O', NULL, NULL),
('A01031', 'A01', STRINGDECODE('\u897f\u5170\u82b1'), 'XiLanHua', 'XLH', NULL, NULL),
('A01032', 'A01', STRINGDECODE('\u714e\u8c46\u8150'), 'JianDouFu', 'JDF', NULL, NULL),
('A01033', 'A01', STRINGDECODE('\u6ce1\u83dc'), 'PaoCai', 'PC', NULL, NULL),
('A01034', 'A01', STRINGDECODE('\u9752\u83dc'), 'QingCai', 'QC', NULL, NULL),
('A01035', 'A01', STRINGDECODE('\u9ec4\u74dc'), 'HuangGua', 'HG', NULL, NULL),
('A01036', 'A01', STRINGDECODE('\u5927\u767d\u83dc'), 'DaBaiCai', 'DBC', NULL, NULL),
('A01037', 'A01', STRINGDECODE('\u82b1\u83dc'), 'HuaCai', 'HC', NULL, NULL),
('A01038', 'A01', STRINGDECODE('\u97ed\u83dc'), 'JiuCai', 'JC', NULL, NULL),
('A01039', 'A01', STRINGDECODE('\u841d\u535c'), 'LuoBo', 'LB', NULL, NULL),
('A01040', 'A01', STRINGDECODE('\u828b\u5934'), 'YuTou', 'YT', NULL, NULL),
('A01041', 'A01', STRINGDECODE('\u80e1\u841d\u535c'), 'HuLuoBo', 'HLB', NULL, NULL),
('A01042', 'A01', STRINGDECODE('\u8c46\u8150\u5377'), 'DouFuJuan', 'DFJ', NULL, NULL),
('A01043', 'A01', STRINGDECODE('\u9999\u83c7'), 'XiangGu', 'XG', NULL, NULL),
('A01044', 'A01', STRINGDECODE('\u7ea2\u85af'), 'HongShu', 'HS', NULL, NULL),
('A01045', 'A01', STRINGDECODE('\u5c0f\u8471'), 'XiaoCong', 'XC', NULL, NULL),
('A01046', 'A01', STRINGDECODE('\u8611\u83c7'), 'MoGu', 'MG', NULL, NULL),
('A01047', 'A01', STRINGDECODE('\u83e0\u83dc'), 'BoCai', 'BC', NULL, NULL),
('A01048', 'A01', STRINGDECODE('\u706b\u817f\u80a0'), 'HuoTuiChang', 'HTC', NULL, NULL),
('A01049', 'A01', STRINGDECODE('\u8c46\u6d46'), 'DouJiang', 'DJ', NULL, NULL),
('A01050', 'A01', STRINGDECODE('\u5927\u8471'), 'DaCong', 'DC', NULL, NULL),
('A01051', 'A01', STRINGDECODE('\u767d\u83dc'), 'BaiCai', 'BC', NULL, NULL),
('A01052', 'A01', STRINGDECODE('\u7af9\u7b0b'), 'ZhuSun', 'ZS', NULL, NULL);          
INSERT INTO PUBLIC.GOODS_INFO(GOODS_ID, GOODS_TYPE_ID, GOODS_NAME, GOODS_NAME_PINYIN, GOODS_NAME_SHORT_PINYIN, CREATE_TIME, UPDATE_TIME) VALUES
('A01054', 'A01', STRINGDECODE('\u6cb9\u8c46\u8150'), 'YouDouFu', 'YDF', NULL, NULL),
('A01055', 'A01', STRINGDECODE('\u751f\u83dc'), 'ShengCai', 'SC', NULL, NULL),
('A01056', 'A01', STRINGDECODE('\u6728\u8033'), 'MuEr', 'ME', NULL, NULL),
('A01057', 'A01', STRINGDECODE('\u9b54\u828b'), 'MoYu', 'MY', NULL, NULL),
('A01058', 'A01', STRINGDECODE('\u6ce1\u83dc\u4f50\u6599'), 'PaoCaiZuoLiao', 'PCZL', NULL, NULL),
('A01059', 'A01', STRINGDECODE('\u7ea2\u6912'), 'HongJiao', 'HJ', NULL, NULL),
('A01060', 'A01', STRINGDECODE('\u5305\u83dc'), 'BaoCai', 'BC', NULL, NULL),
('A01063', 'A01', STRINGDECODE('\u82e6\u74dc'), 'KuGua', 'KG', TIMESTAMP '2009-07-14 14:28:39.747', NULL),
('A01064', 'A01', STRINGDECODE('\u5357\u74dc'), 'NanGua', 'ng', TIMESTAMP '2009-07-23 23:20:26.143', NULL),
('A01065', 'A01', STRINGDECODE('\u4f5b\u624b\u74dc'), 'FoShouGua', 'FSG', TIMESTAMP '2009-10-17 17:05:48.617', NULL),
('A01066', 'A01', STRINGDECODE('\u54b8\u83dc'), 'XianCai', 'XC', TIMESTAMP '2011-07-24 20:43:44.087', NULL),
('A01067', 'A01', STRINGDECODE('\u751f\u74dc'), 'ShengGua', 'SG', TIMESTAMP '2011-08-23 11:57:55.73', NULL),
('A01069', 'A01', STRINGDECODE('\u7eb3\u8c46'), 'NaDou', 'ND', TIMESTAMP '2013-02-07 15:27:41.187', NULL),
('A01070', 'A01', STRINGDECODE('\u8c46\u89d2'), 'DouJiao', 'DJ', TIMESTAMP '2013-02-07 15:27:55.51', NULL),
('A01071', 'A01', STRINGDECODE('\u725b\u84a1'), 'NiuBang', 'NB', TIMESTAMP '2013-02-07 15:28:51.553', NULL),
('A01072', 'A01', STRINGDECODE('\u5f69\u6912'), 'CaiJiao', 'CJ', TIMESTAMP '2013-02-07 15:29:29.157', NULL),
('A01073', 'A01', STRINGDECODE('\u6d77\u82d4'), 'HaiTai', 'HT', TIMESTAMP '2013-02-07 15:30:06.917', NULL),
('A01074', 'A01', STRINGDECODE('\u82a6\u7b0b'), 'LuSun', 'LS', TIMESTAMP '2013-08-26 15:35:37.41', NULL),
('A01076', 'A01', STRINGDECODE('\u9999\u83dc'), 'XiangCai', 'XC', TIMESTAMP '2013-08-26 15:37:35.903', NULL),
('A02001', 'A02', STRINGDECODE('\u9e21\u86cb'), 'JiDan', 'JD', NULL, NULL),
('A02002', 'A02', STRINGDECODE('\u732a\u8089'), 'ZhuRou', 'ZR', NULL, NULL),
('A02003', 'A02', STRINGDECODE('\u9e21\u80ab'), 'JiZuo', 'JZ', NULL, NULL),
('A02004', 'A02', STRINGDECODE('\u8089\u672b'), 'RouMo', 'RM', NULL, NULL),
('A02005', 'A02', STRINGDECODE('\u9cd7\u9c7c'), 'ManYu', 'MY', NULL, TIMESTAMP '2009-05-06 11:40:03.75'),
('A02006', 'A02', STRINGDECODE('\u9e21\u817f'), 'JiTui', 'JT', NULL, NULL),
('A02007', 'A02', STRINGDECODE('\u732a\u8e44'), 'ZhuTi', 'ZT', NULL, NULL),
('A02008', 'A02', STRINGDECODE('\u9e21\u8089'), 'JiRou', 'JR', NULL, NULL),
('A02009', 'A02', STRINGDECODE('\u6392\u9aa8'), 'PaiGu', 'PG', NULL, NULL),
('A02010', 'A02', STRINGDECODE('\u706b\u817f\u80a0'), 'HuoTuiChang', 'HTC', NULL, NULL),
('A02011', 'A02', STRINGDECODE('\u719f\u8089'), 'ShuRou', 'SR', NULL, NULL),
('A02012', 'A02', STRINGDECODE('\u9e21\u7fc5'), 'JiChi', 'JC', NULL, NULL),
('A02013', 'A02', STRINGDECODE('\u5927\u80a0'), 'DaChang', 'DC', NULL, NULL),
('A02014', 'A02', STRINGDECODE('\u867e\u5b50'), 'XiaZi', 'XZ', NULL, NULL),
('A02015', 'A02', STRINGDECODE('\u9c7f\u9c7c'), 'YouYu', 'YY', NULL, NULL),
('A02016', 'A02', STRINGDECODE('\u9c7c'), 'Yu', 'Y', NULL, NULL),
('A02017', 'A02', STRINGDECODE('\u867e\u4ec1'), 'XiaRen', 'XR', NULL, NULL),
('A02018', 'A02', STRINGDECODE('\u8089\u4e38'), 'RouWan', 'RW', NULL, NULL),
('A02019', 'A02', STRINGDECODE('\u70b8\u8089'), 'ZhaRou', 'ZR', NULL, NULL),
('A02020', 'A02', STRINGDECODE('\u5e26\u9c7c'), 'DaiYu', 'DY', NULL, NULL),
('A02021', 'A02', STRINGDECODE('\u7f8a\u8089'), 'YangRou', 'YR', NULL, NULL),
('A02022', 'A02', STRINGDECODE('\u8783\u87f9'), 'Pangxie', 'PX', NULL, NULL),
('A02023', 'A02', STRINGDECODE('\u725b\u8089\u4e32'), 'NiuRouChuan', 'NRC', NULL, NULL),
('A02024', 'A02', STRINGDECODE('\u7f8a\u8089'), 'YangRou', 'YR', NULL, NULL),
('A02025', 'A02', STRINGDECODE('\u8f6f\u9aa8'), 'RuanGu', 'RG', NULL, NULL),
('A02026', 'A02', STRINGDECODE('\u725b\u8089'), 'NiuRou', 'NR', NULL, NULL),
('A02027', 'A02', STRINGDECODE('\u8d1d\u58f3'), 'BeiKe', 'BK', TIMESTAMP '2009-07-09 18:01:20.53', NULL);             
INSERT INTO PUBLIC.GOODS_INFO(GOODS_ID, GOODS_TYPE_ID, GOODS_NAME, GOODS_NAME_PINYIN, GOODS_NAME_SHORT_PINYIN, CREATE_TIME, UPDATE_TIME) VALUES
('A02028', 'A02', STRINGDECODE('\u9e21\u722a'), 'JiZhua', 'JZ', TIMESTAMP '2009-09-14 23:30:37.25', NULL),
('A02029', 'A02', STRINGDECODE('\u70e7\u9e21'), 'ShaoJi', 'SJ', TIMESTAMP '2009-10-22 16:54:51.87', NULL),
('A02030', 'A02', STRINGDECODE('\u9e21\u809d'), 'JiGan', 'JG', TIMESTAMP '2011-07-24 20:43:03.787', NULL),
('A02032', 'A02', STRINGDECODE('\u9e21\u80d7'), 'JiZhen', 'JZ', TIMESTAMP '2011-08-23 11:49:43.94', NULL),
('A02033', 'A02', STRINGDECODE('\u6574\u9e21'), 'ZhengJi', 'ZJ', TIMESTAMP '2011-08-23 11:49:53.61', NULL),
('A02034', 'A02', STRINGDECODE('\u70b8\u9e21\u817f'), 'ZhaJiTui', 'ZJT', TIMESTAMP '2011-08-23 11:50:33.077', NULL),
('A02035', 'A02', STRINGDECODE('\u70b8\u867e\u5b50'), 'ZhaXiaZi', 'ZXZ', TIMESTAMP '2011-08-23 11:50:45.677', NULL),
('A02036', 'A02', STRINGDECODE('\u70b8\u9e21\u5757'), 'ZhaJiKuai', 'ZJK', TIMESTAMP '2011-08-23 11:50:56.98', NULL),
('A02037', 'A02', STRINGDECODE('\u70b8\u9c7f\u9c7c'), 'ZhaZuoYu', 'ZZY', TIMESTAMP '2011-08-23 11:51:11.823', NULL),
('A02038', 'A02', STRINGDECODE('\u70b8\u9c7c\u5757'), 'ZhaYuKuai', 'ZYK', TIMESTAMP '2011-08-23 11:51:29.113', NULL),
('A02039', 'A02', STRINGDECODE('\u719f\u98df'), 'ShuShi', 'SS', TIMESTAMP '2011-12-25 14:15:51.29', NULL),
('A02040', 'A02', STRINGDECODE('\u9c7c\u5b50'), 'YuZi', 'YZ', TIMESTAMP '2012-01-07 14:20:02.14', NULL),
('A02041', 'A02', STRINGDECODE('\u9e4c\u9e51\u86cb'), 'AnChunDan', 'ACD', TIMESTAMP '2012-01-07 14:20:40.447', NULL),
('A02042', 'A02', STRINGDECODE('\u70e4\u80a0'), 'KaoChang', 'KC', TIMESTAMP '2013-02-25 16:12:52.557', NULL),
('A02043', 'A02', STRINGDECODE('\u9999\u80a0'), 'XiangChang', 'XC', TIMESTAMP '2013-07-26 12:03:13.893', NULL),
('A02044', 'A02', STRINGDECODE('\u5c0f\u9c7c'), 'XiaoYu', 'XY', TIMESTAMP '2013-08-26 15:36:06.397', NULL),
('A03001', 'A03', STRINGDECODE('\u6c34'), 'Shui', 'S', NULL, NULL),
('A03002', 'A03', STRINGDECODE('\u9178\u5976'), 'SuanNai', 'SN', NULL, NULL),
('A03003', 'A03', STRINGDECODE('\u725b\u5976'), 'NiuNai', 'NN', NULL, NULL),
('A03004', 'A03', STRINGDECODE('\u5496\u5561'), 'KaFei', 'KF', NULL, NULL),
('A03005', 'A03', STRINGDECODE('\u9999\u8549'), 'XiangJiao', 'XJ', NULL, NULL),
('A03006', 'A03', STRINGDECODE('\u897f\u74dc'), 'XiGua', 'XG', NULL, NULL),
('A03007', 'A03', STRINGDECODE('\u68a8'), 'Li', 'L', NULL, NULL),
('A03008', 'A03', STRINGDECODE('\u5564\u9152'), 'PiJiu', 'PJ', NULL, NULL),
('A03009', 'A03', STRINGDECODE('\u6a59\u6c41'), 'ChengZhi', 'CZ', NULL, NULL),
('A03010', 'A03', STRINGDECODE('\u6854\u5b50'), 'JieZi', 'JZ', NULL, NULL),
('A03011', 'A03', STRINGDECODE('\u82f9\u679c'), 'PingGuo', 'PG', NULL, NULL),
('A03012', 'A03', STRINGDECODE('\u67ff\u5b50'), 'ShiZi', 'SZ', NULL, NULL),
('A03013', 'A03', STRINGDECODE('\u53ef\u4e50'), 'KeLe', 'KL', NULL, NULL),
('A03014', 'A03', STRINGDECODE('\u7ea2\u8336'), 'HongCha', 'HC', NULL, NULL),
('A03015', 'A03', STRINGDECODE('\u725b\u5976\u5496\u5561'), 'NiuNaiKaFei', 'NNKF', NULL, NULL),
('A03016', 'A03', STRINGDECODE('\u67da\u5b50\u8336'), 'ZuoZiCha', 'ZZC', NULL, NULL),
('A03017', 'A03', STRINGDECODE('\u996e\u6599'), 'YinLiao', 'YL', NULL, NULL),
('A03018', 'A03', STRINGDECODE('\u5976\u8336'), 'NaiCha', 'NC', NULL, NULL),
('A03019', 'A03', STRINGDECODE('\u8349\u8393'), 'CaoMei', 'CM', NULL, NULL),
('A03020', 'A03', STRINGDECODE('\u7315\u7334\u6843'), 'MiHouTao', 'MHT', NULL, NULL),
('A03021', 'A03', STRINGDECODE('\u83e0\u841d'), 'BoLuo', 'BL', NULL, NULL),
('A03022', 'A03', STRINGDECODE('\u8292\u679c'), 'MangGuo', 'MG', TIMESTAMP '2009-05-12 10:21:20.623', NULL),
('A03023', 'A03', STRINGDECODE('\u67da\u5b50'), 'YouZi', 'YZ', TIMESTAMP '2009-05-19 23:26:40.653', NULL),
('A03024', 'A03', STRINGDECODE('\u8461\u8404'), 'PuTao', 'PT', TIMESTAMP '2009-05-19 23:27:43.873', NULL),
('A03025', 'A03', STRINGDECODE('\u6843\u5b50'), 'TaoZi', 'TZ', TIMESTAMP '2009-05-19 23:27:52.217', NULL),
('A03026', 'A03', STRINGDECODE('\u8702\u871c'), 'FengMi', 'fm', TIMESTAMP '2009-08-09 21:14:56.24', NULL),
('A03027', 'A03', STRINGDECODE('\u679c\u6c41'), 'GuoZhi', 'GZ', TIMESTAMP '2009-08-29 22:58:00.57', NULL);       
INSERT INTO PUBLIC.GOODS_INFO(GOODS_ID, GOODS_TYPE_ID, GOODS_NAME, GOODS_NAME_PINYIN, GOODS_NAME_SHORT_PINYIN, CREATE_TIME, UPDATE_TIME) VALUES
('A03028', 'A03', STRINGDECODE('\u5176\u4ed6\u6c34\u679c'), 'QiTaShuiGuo', 'QTSG', TIMESTAMP '2009-09-03 23:27:56.72', NULL),
('A03029', 'A03', STRINGDECODE('\u8336'), 'Cha', 'C', TIMESTAMP '2010-07-03 21:59:45.19', NULL),
('A03030', 'A03', STRINGDECODE('\u6843\u5b50'), 'TaoZi', 'TZ', TIMESTAMP '2011-02-08 10:11:46.79', NULL),
('A03031', 'A03', STRINGDECODE('\u6a31\u6843'), 'YingTao', 'YT', TIMESTAMP '2011-02-08 10:12:19.243', NULL),
('A03032', 'A03', STRINGDECODE('\u751c\u74dc'), 'TianGua', 'TG', TIMESTAMP '2011-02-08 10:12:48.697', NULL),
('A03033', 'A03', STRINGDECODE('\u6a59\u5b50'), 'ChengZi', 'CZ', TIMESTAMP '2011-07-09 12:27:48.493', NULL),
('A03034', 'A03', STRINGDECODE('\u4e73\u9178\u83cc'), 'RuSuanJun', 'RSJ', TIMESTAMP '2012-03-05 15:21:06.97', NULL),
('A03036', 'A03', STRINGDECODE('\u77f3\u69b4'), 'ShiLiu', 'SL', TIMESTAMP '2013-11-13 17:03:41.413', NULL),
('A04001', 'A04', STRINGDECODE('\u86cb\u7cd5'), 'DanGao', 'DG', NULL, NULL),
('A04002', 'A04', STRINGDECODE('\u5c0f\u9762\u5305'), 'XiaoMianBao', 'XMB', NULL, NULL),
('A04003', 'A04', STRINGDECODE('\u997c\u5e72'), 'BingGan', 'BG', NULL, NULL),
('A04004', 'A04', STRINGDECODE('\u5c0f\u70b9\u5fc3'), 'XiaoDianXin', 'XDX', NULL, NULL),
('A04005', 'A04', STRINGDECODE('\u4eba\u5f62\u70e7'), 'RenXingShao', 'RXS', NULL, NULL),
('A04006', 'A04', STRINGDECODE('\u96ea\u7cd5'), 'XueGao', 'XG', NULL, NULL),
('A04007', 'A04', STRINGDECODE('\u996d\u56e2'), 'FanTuan', 'FT', NULL, NULL),
('A04008', 'A04', STRINGDECODE('\u85af\u7247'), 'ShuPian', 'SP', NULL, NULL),
('A04009', 'A04', STRINGDECODE('\u6d77\u82d4'), 'HaiTai', 'HT', NULL, NULL),
('A04010', 'A04', STRINGDECODE('\u96ea\u997c'), 'XueBing', 'XB', NULL, NULL),
('A04011', 'A04', STRINGDECODE('\u51b0\u6dc7\u6dcb'), 'BingZuoLin', 'BZL', NULL, NULL),
('A04012', 'A04', STRINGDECODE('\u679c\u51bb'), 'GuoDong', 'GD', NULL, NULL),
('A04013', 'A04', STRINGDECODE('\u7cd6\u679c'), 'TangGuo', 'TG', NULL, NULL),
('A04014', 'A04', STRINGDECODE('\u82b1\u751f\u7c73'), 'HuaShengMi', 'HSM', NULL, NULL),
('A04015', 'A04', STRINGDECODE('\u5927\u997c'), 'DaBing', 'DB', NULL, NULL),
('A04016', 'A04', STRINGDECODE('\u7f50\u5934'), 'GuanTou', 'GT', NULL, NULL),
('A04017', 'A04', STRINGDECODE('\u5e03\u4e01'), 'BuDing', 'BD', NULL, NULL),
('A04018', 'A04', STRINGDECODE('\u5976\u6cb9\u751c\u70b9'), 'NaiYouTianDian', 'NYTD', NULL, NULL),
('A04019', 'A04', STRINGDECODE('\u5de7\u514b\u529b\u997c\u5e72'), 'QiaoKeLiBingGan', 'QKLBG', NULL, NULL),
('A04020', 'A04', STRINGDECODE('\u5c0f\u5403'), 'XiaoChi', 'XC', NULL, NULL),
('A04021', 'A04', STRINGDECODE('\u53e3\u9999\u7cd6'), 'KouXiangTang', 'KXT', TIMESTAMP '2009-07-04 18:44:23.373', NULL),
('A04022', 'A04', STRINGDECODE('\u5e72\u679c'), 'GanGuo', 'GG', TIMESTAMP '2009-08-24 22:51:04.853', NULL),
('A04023', 'A04', STRINGDECODE('\u5f00\u5fc3\u679c'), 'KaiXinGuo', 'KXG', TIMESTAMP '2009-10-22 16:56:50.01', NULL),
('A04024', 'A04', STRINGDECODE('\u5de7\u514b\u529b'), 'QiaoKeLi', 'QKL', TIMESTAMP '2011-08-23 11:46:01.427', NULL),
('A04025', 'A04', STRINGDECODE('\u85af\u6761'), 'ShuTiao', 'ST', TIMESTAMP '2011-08-23 11:46:20.853', NULL),
('A04026', 'A04', STRINGDECODE('\u85af\u7247'), 'ShuPian', 'SP', TIMESTAMP '2011-08-23 11:46:38.997', NULL),
('A04027', 'A04', STRINGDECODE('\u5999\u8106\u89d2'), 'MiaoCuiJiao', 'MCJ', TIMESTAMP '2011-08-23 11:47:39.407', NULL),
('A04028', 'A04', STRINGDECODE('\u7389\u7c73\u68d2'), 'YuMiBang', 'YMB', TIMESTAMP '2011-08-23 11:47:53.987', NULL),
('A04029', 'A04', STRINGDECODE('\u751c\u751c\u5708'), 'TianTianQuan', 'TTQ', TIMESTAMP '2013-09-27 19:30:33.967', NULL),
('A04030', 'A04', STRINGDECODE('\u96f6\u98df'), 'LingShi', 'LS', TIMESTAMP '2014-02-05 17:13:10.777', NULL),
('A05001', 'A05', STRINGDECODE('\u5473\u7cbe'), 'WeiJing', 'WJ', NULL, NULL),
('A05002', 'A05', STRINGDECODE('\u6cb9'), 'You', 'Y', NULL, NULL),
('A05003', 'A05', STRINGDECODE('\u76d0'), 'Yan', 'Y', NULL, NULL),
('A05004', 'A05', STRINGDECODE('\u9171\u6cb9'), 'JiangYou', 'JY', NULL, NULL);           
INSERT INTO PUBLIC.GOODS_INFO(GOODS_ID, GOODS_TYPE_ID, GOODS_NAME, GOODS_NAME_PINYIN, GOODS_NAME_SHORT_PINYIN, CREATE_TIME, UPDATE_TIME) VALUES
('A05005', 'A05', STRINGDECODE('\u6599\u9152'), 'LiaoJiu', 'LJ', NULL, NULL),
('A05006', 'A05', STRINGDECODE('\u9ebb\u6cb9'), 'MaYou', 'MY', NULL, NULL),
('A05007', 'A05', STRINGDECODE('\u918b'), 'Cu', 'C', NULL, NULL),
('A05008', 'A05', STRINGDECODE('\u756a\u8304\u9171'), 'FanQieJiang', 'FQJ', NULL, NULL),
('A05009', 'A05', STRINGDECODE('\u6dc0\u7c89'), 'DianFen', 'DF', NULL, NULL),
('A05010', 'A05', STRINGDECODE('\u767d\u7cd6'), 'BaiTang', 'BT', NULL, NULL),
('A05011', 'A05', STRINGDECODE('\u9171'), 'Jiang', 'J', NULL, NULL),
('A05012', 'A05', STRINGDECODE('\u5496\u55b1\u6750\u6599'), 'GaLiCaiLiao', 'GLCL', NULL, NULL),
('A05013', 'A05', STRINGDECODE('\u9762\u5305\u7c89'), 'MianBaoFen', 'MBF', NULL, NULL),
('A05014', 'A05', STRINGDECODE('\u8fa3\u6912\u7c89'), 'LaJiaoFen', 'LJF', NULL, NULL),
('A05015', 'A05', STRINGDECODE('\u80e1\u6912\u7c89'), 'HuJiaoFen', 'HJF', NULL, NULL),
('A05016', 'A05', STRINGDECODE('\u9ed1\u829d\u9ebb'), 'HeiZhiMa', 'HZM', NULL, NULL),
('A05017', 'A05', STRINGDECODE('\u5bff\u53f8\u918b'), 'ShouSiCu', 'SSC', NULL, NULL),
('A05018', 'A05', STRINGDECODE('\u98df\u76d0'), 'ShiYan', 'SY', NULL, NULL),
('A05019', 'A05', STRINGDECODE('\u8001\u5e72\u5988'), 'LaoGanMa', 'LGM', NULL, NULL),
('A05020', 'A05', STRINGDECODE('\u9178\u8fa3\u7c89'), 'SuanLaFen', 'SLF', NULL, NULL),
('A05021', 'A05', STRINGDECODE('\u706b\u9505\u6599'), 'HuoGuoLiao', 'HGL', NULL, NULL),
('A05022', 'A05', STRINGDECODE('\u8fa3\u6cb9'), 'LaYou', 'LY', NULL, NULL),
('A05023', 'A05', STRINGDECODE('\u86cb\u9ec4\u9171'), 'DanHuangJiang', 'DHJ', NULL, NULL),
('A05024', 'A05', STRINGDECODE('\u996d\u56e2\u7528\u6599'), 'FanTuanYongLiao', 'FTYL', NULL, NULL),
('A05025', 'A05', STRINGDECODE('\u7ea2\u6912'), 'HongJiao', 'HJ', NULL, NULL),
('A05026', 'A05', STRINGDECODE('\u53d1\u9175\u7c89'), 'FaJiaoFen', 'FJF', NULL, NULL),
('A05027', 'A05', STRINGDECODE('\u7389\u7c73\u6c64'), 'YuMiTang', 'YMT', NULL, NULL),
('A05028', 'A05', STRINGDECODE('\u6625\u5377\u76ae'), 'ChunJuanPi', 'CJP', NULL, NULL),
('A05029', 'A05', STRINGDECODE('\u9e21\u7cbe'), 'jijing', 'jj', TIMESTAMP '2009-08-15 17:14:14.697', NULL),
('A05030', 'A05', STRINGDECODE('\u8fa3\u6912\u9171'), 'LaJiaoJiang', 'LJJ', TIMESTAMP '2013-05-09 15:30:01.197', NULL),
('A05031', 'A05', STRINGDECODE('\u8c03\u6599'), 'TiaoLiao', 'TL', TIMESTAMP '2013-05-09 15:30:37.147', NULL),
('A05032', 'A05', STRINGDECODE('\u5496\u55b1\u7c89'), 'GaLiFen', 'GLF', TIMESTAMP '2013-05-09 15:31:37.453', NULL),
('A05033', 'A05', STRINGDECODE('\u70e4\u8089\u9171'), 'KaoRouJiang', 'KRJ', TIMESTAMP '2013-07-26 12:03:34.92', NULL),
('A05034', 'A05', STRINGDECODE('\u8c03\u6599'), 'TiaoLiao', 'TL', TIMESTAMP '2013-07-26 12:05:35.347', NULL),
('A05035', 'A05', STRINGDECODE('\u610f\u9762\u9171'), 'YiMianJiang', 'YMJ', TIMESTAMP '2013-11-13 17:04:48.827', NULL),
('A06001', 'A06', STRINGDECODE('\u5348\u996d'), 'WuFan', 'WF', NULL, NULL),
('A06002', 'A06', STRINGDECODE('\u7c73'), 'Mi', 'M', NULL, NULL),
('A06003', 'A06', STRINGDECODE('\u665a\u996d'), 'WanFan', 'WF', NULL, NULL),
('A06004', 'A06', STRINGDECODE('\u9762\u5305'), 'MianBao', 'MB', NULL, NULL),
('A06005', 'A06', STRINGDECODE('\u9762\u6761'), 'MianTiao', 'MT', NULL, NULL),
('A06006', 'A06', STRINGDECODE('\u65b9\u4fbf\u9762'), 'FangBianMian', 'FBM', NULL, NULL),
('A06007', 'A06', STRINGDECODE('\u5bff\u53f8'), 'ShouSi', 'SS', NULL, NULL),
('A06008', 'A06', STRINGDECODE('\u997a\u5b50'), 'JiaoZi', 'JZ', NULL, NULL),
('A06009', 'A06', STRINGDECODE('\u6302\u9762'), 'GuaMian', 'GM', NULL, NULL),
('A06010', 'A06', STRINGDECODE('\u7092\u9762'), 'ChaoMian', 'CM', NULL, NULL),
('A06011', 'A06', STRINGDECODE('\u9762\u7c89'), 'MianFen', 'MF', NULL, NULL),
('A06013', 'A06', STRINGDECODE('\u610f\u5927\u5229\u9762'), 'YiDaLiMian', 'YDLM', NULL, NULL),
('A06014', 'A06', STRINGDECODE('\u997a\u76ae'), 'JiaoPi', 'JP', NULL, NULL),
('A06015', 'A06', STRINGDECODE('\u9762\u7b4b\u679c'), 'MianJinGuo', 'MJG', NULL, NULL),
('A06016', 'A06', STRINGDECODE('\u8089\u5305'), 'RouBao', 'RB', NULL, NULL);             
INSERT INTO PUBLIC.GOODS_INFO(GOODS_ID, GOODS_TYPE_ID, GOODS_NAME, GOODS_NAME_PINYIN, GOODS_NAME_SHORT_PINYIN, CREATE_TIME, UPDATE_TIME) VALUES
('A06017', 'A06', STRINGDECODE('\u5e74\u7cd5'), 'NianGao', 'NG', NULL, NULL),
('A06018', 'A06', STRINGDECODE('\u4e4c\u51ac\u9762'), 'WuDongMian', 'WDM', NULL, NULL),
('A06019', 'A06', STRINGDECODE('\u5305\u5b50'), 'BaoZi', 'BZ', NULL, NULL),
('A06020', 'A06', STRINGDECODE('\u62ab\u8428'), 'PiSa', 'PS', NULL, NULL),
('A06021', 'A06', STRINGDECODE('\u9ea6\u7247'), 'MaiPian', 'MP', TIMESTAMP '2009-10-22 16:54:23.23', NULL),
('A06022', 'A06', STRINGDECODE('\u51c9\u9762'), 'LiangMian', 'LM', TIMESTAMP '2011-07-19 11:39:15.077', NULL),
('A06023', 'A06', STRINGDECODE('\u4e09\u660e\u6cbb'), 'SanMingZhi', 'SMZ', TIMESTAMP '2012-03-05 15:14:00.31', NULL),
('A06024', 'A06', STRINGDECODE('\u996d\u56e2'), 'FanTuan', 'FT', TIMESTAMP '2012-03-05 15:14:15.713', NULL),
('A06025', 'A06', STRINGDECODE('\u62c9\u9762'), 'LaMian', 'LM', TIMESTAMP '2012-03-05 15:14:26.897', NULL),
('A06026', 'A06', STRINGDECODE('\u6c49\u5821'), 'HanBao', 'HB', TIMESTAMP '2013-05-09 15:32:10.333', NULL),
('A06027', 'A06', STRINGDECODE('\u70ed\u72d7'), 'ReGou', 'RG', TIMESTAMP '2013-05-09 15:32:23.383', NULL),
('A06028', 'A06', STRINGDECODE('\u7c89\u4e1d'), 'FenSi', 'FS', TIMESTAMP '2013-05-09 15:32:58.627', NULL),
('A06029', 'A06', STRINGDECODE('\u4fbf\u5f53'), 'BianDang', 'BD', TIMESTAMP '2013-11-13 16:59:19.26', NULL),
('A07001', 'A07', STRINGDECODE('\u9999\u7682'), 'XiangZao', 'XZ', NULL, NULL),
('A07002', 'A07', STRINGDECODE('\u6307\u7532\u526a'), 'ZhiJiaJian', 'ZJJ', NULL, NULL),
('A07003', 'A07', STRINGDECODE('\u6d17\u8863\u7c89'), 'XiYiFen', 'XYF', NULL, NULL),
('A07004', 'A07', STRINGDECODE('\u7259\u676f'), 'YaBei', 'YB', NULL, NULL),
('A07005', 'A07', STRINGDECODE('\u9664\u81ed\u5242'), 'ChuChouJi', 'CCJ', NULL, NULL),
('A07006', 'A07', STRINGDECODE('\u7535\u8111\u6e7f\u5dfe'), 'DianNaoShiJin', 'DNSJ', NULL, NULL),
('A07007', 'A07', STRINGDECODE('\u80a5\u7682'), 'FeiZao', 'FZ', NULL, NULL),
('A07008', 'A07', STRINGDECODE('\u6d17\u8863\u6db2'), 'XiYiYe', 'XYY', NULL, NULL),
('A07009', 'A07', STRINGDECODE('\u7259\u818f'), 'YaGao', 'YG', NULL, NULL),
('A07010', 'A07', STRINGDECODE('\u4fbf\u5ea7\u5957'), 'BianZuoTao', 'BZT', NULL, NULL),
('A07011', 'A07', STRINGDECODE('\u536b\u751f\u5dfe'), 'WeiShengJin', 'WSJ', NULL, NULL),
('A07012', 'A07', STRINGDECODE('\u6d17\u624b\u6db2'), 'XiShouYe', 'XSY', NULL, NULL),
('A07013', 'A07', STRINGDECODE('\u6c90\u6d74\u9732'), 'MuYuLu', 'MYL', NULL, NULL),
('A07014', 'A07', STRINGDECODE('\u62a4\u53d1\u7d20'), 'HuFaSu', 'HFS', NULL, NULL),
('A07015', 'A07', STRINGDECODE('\u62a4\u624b\u971c'), 'HuShouShuang', 'HSS', NULL, NULL),
('A07016', 'A07', STRINGDECODE('\u5316\u5986\u6c34'), 'HuaZhuangShui', 'HZS', NULL, NULL),
('A07017', 'A07', STRINGDECODE('\u6c90\u6d74\u4e73'), 'ZuoYuRu', 'ZYR', NULL, NULL),
('A07018', 'A07', STRINGDECODE('\u5395\u6240\u6e05\u6d01\u5242'), 'CeSuoQingJieJi', 'CSQJJ', NULL, NULL),
('A07019', 'A07', STRINGDECODE('\u6307\u7532\u6cb9'), 'ZhiJiaYou', 'ZJY', NULL, NULL),
('A07020', 'A07', STRINGDECODE('\u9762\u819c'), 'MianMo', 'MM', NULL, NULL),
('A07021', 'A07', STRINGDECODE('\u5378\u5986\u68c9'), 'XieZhuangMian', 'XZM', NULL, NULL),
('A07022', 'A07', STRINGDECODE('\u6d17\u7532\u6c34'), 'XiJiaShui', 'XJS', NULL, NULL),
('A07023', 'A07', STRINGDECODE('\u6d17\u53d1\u6c34'), 'XiFaShui', 'XFS', NULL, NULL),
('A07024', 'A07', STRINGDECODE('\u9999\u6c34'), 'XiangShui', 'XS', NULL, NULL),
('A07025', 'A07', 'AQT', 'AQT', 'AQT', NULL, NULL),
('A07026', 'A07', STRINGDECODE('\u53d1\u5361'), 'FaKa', 'FK', NULL, NULL),
('A07027', 'A07', STRINGDECODE('\u5377\u7eb8'), 'JuanZhi', 'JZ', NULL, NULL),
('A07028', 'A07', STRINGDECODE('\u6d17\u8138\u9999\u7682'), 'XiLianXiangZao', 'XLXZ', NULL, NULL),
('A07029', 'A07', STRINGDECODE('\u6d17\u9762\u5976'), 'XiMianNai', 'XMN', NULL, NULL),
('A07030', 'A07', STRINGDECODE('\u53d1\u7b8d'), 'FaGu', 'FG', NULL, NULL),
('A07031', 'A07', STRINGDECODE('\u62bd\u7eb8'), 'ChouZhi', 'CZ', NULL, NULL),
('A07032', 'A07', STRINGDECODE('\u6d74\u76d0'), 'YuYan', 'YY', NULL, NULL);   
INSERT INTO PUBLIC.GOODS_INFO(GOODS_ID, GOODS_TYPE_ID, GOODS_NAME, GOODS_NAME_PINYIN, GOODS_NAME_SHORT_PINYIN, CREATE_TIME, UPDATE_TIME) VALUES
('A07033', 'A07', STRINGDECODE('\u9632\u6652\u971c'), 'FangShaiShuang', 'FSS', NULL, NULL),
('A07034', 'A07', STRINGDECODE('\u4e73\u6db2'), 'RuYe', 'RY', NULL, NULL),
('A07035', 'A07', STRINGDECODE('\u53e3\u7f69'), 'KouZhao', 'KZ', TIMESTAMP '2009-05-21 14:25:57', NULL),
('A07036', 'A07', STRINGDECODE('\u68c9\u7b7e'), 'MianQian', 'MQ', TIMESTAMP '2009-08-09 21:08:56.33', NULL),
('A07037', 'A07', STRINGDECODE('\u7259\u5237'), 'YaShua', 'YS', TIMESTAMP '2009-09-20 08:46:03.05', NULL),
('A07038', 'A07', STRINGDECODE('\u868a\u9999'), 'WenXiang', 'WX', TIMESTAMP '2011-07-29 19:05:26.837', NULL),
('A07039', 'A07', STRINGDECODE('\u6d88\u6bd2\u6db2'), 'XiaoDuYe', 'XDY', TIMESTAMP '2013-09-27 19:30:15.547', NULL),
('A07040', 'A07', STRINGDECODE('\u6d74\u5ba4\u9664\u83cc\u5242'), 'YuShiChuJunJi', 'YSCJJ', TIMESTAMP '2013-09-27 19:31:20.427', NULL),
('A07041', 'A07', STRINGDECODE('\u5395\u6240\u9664\u83cc'), 'CeSuoChuJun', 'CSCJ', TIMESTAMP '2013-09-27 19:31:58.673', NULL),
('A07042', 'A07', STRINGDECODE('\u5730\u677f\u9664\u83cc\u6e7f\u5dfe'), 'DiBanChuJunShiJin', 'DBCJSJ', TIMESTAMP '2013-09-27 19:32:33.663', NULL),
('A08001', 'A08', STRINGDECODE('\u7b14'), 'Bi', 'B', NULL, NULL),
('A08002', 'A08', STRINGDECODE('\u900f\u660e\u80f6'), 'TouMingJiao', 'TMJ', NULL, NULL),
('A08003', 'A08', STRINGDECODE('\u672c\u5b50'), 'BenZi', 'BZ', NULL, NULL),
('A08004', 'A08', STRINGDECODE('\u9488\u7ebf\u5305'), 'ZhenXianBao', 'ZXB', NULL, NULL),
('A08005', 'A08', STRINGDECODE('\u996d\u76d2'), 'FanHe', 'FH', NULL, NULL),
('A08006', 'A08', STRINGDECODE('\u5377\u7eb8'), 'JuanZhi', 'JZ', NULL, NULL),
('A08007', 'A08', STRINGDECODE('\u626b\u628a'), 'SaoBa', 'SB', NULL, NULL),
('A08008', 'A08', STRINGDECODE('\u7eb8\u676f'), 'ZhiBei', 'ZB', NULL, NULL),
('A08009', 'A08', STRINGDECODE('\u62bd\u7eb8'), 'ChouZhi', 'CZ', NULL, NULL),
('A08011', 'A08', STRINGDECODE('\u676f\u5b50'), 'BeiZi', 'BZ', NULL, NULL),
('A08012', 'A08', STRINGDECODE('\u6587\u4ef6\u5939'), 'WenJianJia', 'WJJ', NULL, NULL),
('A08013', 'A08', STRINGDECODE('\u5c0f\u5939\u5b50'), 'XiaoJiaZi', 'XJZ', NULL, NULL),
('A08014', 'A08', STRINGDECODE('\u80f6\u5e03'), 'JiaoBu', 'JB', NULL, NULL),
('A08015', 'A08', STRINGDECODE('\u80f6\u6c34'), 'JiaoShui', 'JS', NULL, NULL),
('A08017', 'A08', STRINGDECODE('\u540d\u7247\u5408'), 'MingPianHe', 'MPH', NULL, NULL),
('A08018', 'A08', STRINGDECODE('\u773c\u955c\u6e05\u6d17\u6db2'), 'YanJingQingXiYe', 'YJQXY', NULL, NULL),
('A08019', 'A08', STRINGDECODE('\u7259\u7b7e'), 'YaQian', 'YQ', NULL, NULL),
('A08020', 'A08', STRINGDECODE('\u8863\u670d\u67b6'), 'YiFuJia', 'YFJ', NULL, NULL),
('A08021', 'A08', STRINGDECODE('\u8367\u5149\u7b14'), 'YingGuangBi', 'YGB', NULL, NULL),
('A08022', 'A08', STRINGDECODE('\u87ba\u4e1d\u5200'), 'LuoSiDao', 'LSD', NULL, NULL),
('A08023', 'A08', STRINGDECODE('\u6251\u514b\u724c'), 'PuKePai', 'PKP', NULL, NULL),
('A08024', 'A08', STRINGDECODE('\u7a97\u5e18\u5939'), 'ChuangLianJia', 'CLJ', NULL, NULL),
('A08025', 'A08', STRINGDECODE('\u73ab\u7470\u82b1'), 'MeiGuiHua', 'MGH', NULL, NULL),
('A08026', 'A08', STRINGDECODE('\u7c98\u94a9'), 'ZhanGou', 'ZG', NULL, NULL),
('A08027', 'A08', STRINGDECODE('\u7b14\u8bb0\u672c'), 'BiJiBen', 'BJB', NULL, NULL),
('A08028', 'A08', STRINGDECODE('\u94a5\u5319\u6263'), 'YueChiKou', 'YCK', NULL, NULL),
('A08029', 'A08', STRINGDECODE('\u526a\u5200'), 'JianDao', 'JD', NULL, NULL),
('A08030', 'A08', STRINGDECODE('\u6c14\u7b52'), 'QiTong', 'QT', NULL, NULL),
('A08031', 'A08', STRINGDECODE('\u7ef3\u5b50'), 'ShengZi', 'SZ', NULL, NULL),
('A08032', 'A08', STRINGDECODE('\u73af\u4fdd\u888b'), 'HuanBaoDai', 'HBD', NULL, NULL),
('A08033', 'A08', STRINGDECODE('\u5730\u6bef'), 'DiTan', 'DT', NULL, NULL),
('A08034', 'A08', STRINGDECODE('\u80f6\u5e26'), 'JiaoDai', 'JD', NULL, NULL),
('A08035', 'A08', STRINGDECODE('\u5c0f\u7535\u7b52'), 'XiaoDianTong', 'XDT', NULL, NULL),
('A08036', 'A08', STRINGDECODE('\u7a97\u5e18'), 'ChuangLian', 'CL', NULL, NULL),
('A08037', 'A08', STRINGDECODE('\u53c9\u5b50'), 'ChaZi', 'CZ', NULL, NULL);              
INSERT INTO PUBLIC.GOODS_INFO(GOODS_ID, GOODS_TYPE_ID, GOODS_NAME, GOODS_NAME_PINYIN, GOODS_NAME_SHORT_PINYIN, CREATE_TIME, UPDATE_TIME) VALUES
('A08039', 'A08', STRINGDECODE('\u82b1\u76c6'), 'HuaPen', 'HP', NULL, NULL),
('A08040', 'A08', STRINGDECODE('\u7b14\u82af'), 'BiXin', 'bx', TIMESTAMP '2009-07-23 23:21:42.053', NULL),
('A08041', 'A08', STRINGDECODE('\u8ba2\u4e66\u673a'), 'DingShuji', 'DSJ', TIMESTAMP '2009-08-09 21:07:56.93', NULL),
('A08042', 'A08', STRINGDECODE('\u767d\u677f\u64e6'), 'BaiBanCa', 'BBC', TIMESTAMP '2011-10-11 12:46:39.91', NULL),
('A08043', 'A08', STRINGDECODE('\u767d\u677f\u7b14'), 'BaiBanBi', 'BBB', TIMESTAMP '2011-10-11 12:47:18.317', NULL),
('A08044', 'A08', STRINGDECODE('\u94c5\u7b14'), 'QianBi', 'QB', TIMESTAMP '2012-06-05 16:30:41.023', NULL),
('A08045', 'A08', STRINGDECODE('\u6a61\u76ae'), 'XiangPi', 'XP', TIMESTAMP '2012-06-05 16:30:50.263', NULL),
('A08046', 'A08', STRINGDECODE('\u513f\u7ae5\u4e66'), 'ErTongShu', 'ETS', TIMESTAMP '2012-06-05 16:31:21.963', NULL),
('A08047', 'A08', STRINGDECODE('\u978b\u57ab'), 'XieDian', 'XD', TIMESTAMP '2012-06-05 16:34:15.833', NULL),
('A08048', 'A08', STRINGDECODE('\u624b\u673a\u5c4f\u4fdd'), 'ShouJiPingBao', 'SJPB', TIMESTAMP '2012-06-05 16:34:29.207', NULL),
('A08049', 'A08', STRINGDECODE('\u5243\u7403\u673a'), 'TiQiuJi', 'TQJ', TIMESTAMP '2013-05-02 09:37:35.28', NULL),
('A08050', 'A08', STRINGDECODE('\u767e\u5143\u5e97'), 'BaiYuanDian', 'BYD', TIMESTAMP '2015-02-05 09:24:44.923', NULL),
('A09001', 'A09', STRINGDECODE('\u5783\u573e\u888b'), 'LaJiDai', 'LJD', NULL, NULL),
('A09002', 'A09', STRINGDECODE('\u6d17\u7897\u6d77\u7ef5'), 'XiWanHaiMian', 'XWHM', NULL, NULL),
('A09003', 'A09', STRINGDECODE('\u6c34\u69fd\u7f51\u888b'), 'ShuiCaoWangDai', 'SCWD', NULL, NULL),
('A09004', 'A09', STRINGDECODE('\u6d17\u6d01\u7cbe'), 'XiJieJing', 'XJJ', NULL, NULL),
('A09005', 'A09', STRINGDECODE('\u7c38\u7b95'), 'ZuoJi', 'ZJ', NULL, NULL),
('A09006', 'A09', STRINGDECODE('\u5783\u573e\u6876'), 'LaJiTong', 'LJT', NULL, NULL),
('A09007', 'A09', STRINGDECODE('\u4e00\u6b21\u6027\u76d8\u5b50'), 'YiCiXingPanZi', 'YCXPZ', NULL, NULL),
('A09008', 'A09', STRINGDECODE('\u7076\u53f0\u7f69'), 'ZaoTaiZhao', 'ZTZ', NULL, NULL),
('A09009', 'A09', STRINGDECODE('\u7076\u53f0\u56f4\u5b50'), 'ZaoTaiWeiZi', 'ZTWZ', NULL, NULL),
('A09010', 'A09', STRINGDECODE('\u7076\u53f0\u5438\u7eb8'), 'ZaoTaiXiZhi', 'ZTXZ', NULL, NULL),
('A09011', 'A09', STRINGDECODE('\u9694\u6cb9\u7eb8'), 'GeYouZhi', 'GYZ', NULL, NULL),
('A09012', 'A09', STRINGDECODE('\u4fdd\u9c9c\u819c'), 'BaoXianMo', 'BXM', NULL, NULL),
('A09013', 'A09', STRINGDECODE('\u5851\u6599\u888b'), 'SuLiaoDai', 'SLD', NULL, NULL),
('A09014', 'A09', STRINGDECODE('\u6f0f\u52fa'), 'LouShao', 'LS', NULL, NULL),
('A09015', 'A09', STRINGDECODE('\u7076\u53f0\u7f69\u5b50'), 'ZaoTaiZhaoZi', 'ZTZZ', NULL, NULL),
('A09016', 'A09', STRINGDECODE('\u7535\u6c60'), 'DianChi', 'DC', NULL, NULL),
('A09017', 'A09', STRINGDECODE('\u5bff\u53f8\u52fa\u5b50'), 'ShouSiShaoZi', 'SSSZ', NULL, NULL),
('A09018', 'A09', STRINGDECODE('\u52fa\u5b50'), 'ShaoZi', 'SZ', NULL, NULL),
('A09019', 'A09', STRINGDECODE('\u56f4\u88d9'), 'WeiQun', 'WQ', NULL, NULL),
('A09020', 'A09', STRINGDECODE('\u679c\u76d8'), 'GuoPan', 'GP', NULL, NULL),
('A09021', 'A09', STRINGDECODE('\u5bff\u53f8\u5e18'), 'ShouSiLian', 'SSL', NULL, NULL),
('A09022', 'A09', STRINGDECODE('\u64c0\u9762\u68d2'), 'ZuoMianBang', 'ZMB', NULL, NULL),
('A09023', 'A09', STRINGDECODE('\u6302\u94a9'), 'GuaGou', 'GG', NULL, NULL),
('A09024', 'A09', STRINGDECODE('\u526a\u5200'), 'JianDao', 'JD', NULL, NULL),
('A09025', 'A09', STRINGDECODE('\u74f6\u8d77'), 'PingQi', 'PQ', NULL, NULL),
('A09026', 'A09', STRINGDECODE('\u9505\u76d6\u628a\u624b'), 'GuoGaiBaShou', 'GGBS', NULL, NULL),
('A09027', 'A09', STRINGDECODE('\u6258\u76d8'), 'TuoPan', 'TP', NULL, NULL),
('A09028', 'A09', STRINGDECODE('\u7be6\u5b50'), 'BiZi', 'BZ', NULL, NULL),
('A09029', 'A09', STRINGDECODE('\u676f\u5b50'), 'BeiZi', 'BZ', NULL, NULL),
('A09030', 'A09', STRINGDECODE('\u62b9\u5e03'), 'MoBu', 'MB', NULL, NULL),
('A09031', 'A09', STRINGDECODE('\u9521\u7eb8'), 'XiZhi', 'xz', TIMESTAMP '2009-07-23 23:20:54.24', NULL);       
INSERT INTO PUBLIC.GOODS_INFO(GOODS_ID, GOODS_TYPE_ID, GOODS_NAME, GOODS_NAME_PINYIN, GOODS_NAME_SHORT_PINYIN, CREATE_TIME, UPDATE_TIME) VALUES
('A10001', 'A10', STRINGDECODE('\u852c\u83dc\u6c34\u679c\u7b49'), 'ShuCaiShuiGuoDeng', 'SCSGD', NULL, NULL),
('A10002', 'A10', STRINGDECODE('\u7535\u8bdd\u5361'), 'DianHuaKa', 'DHK', NULL, NULL),
('A10003', 'A10', STRINGDECODE('\u7406\u53d1'), 'LiFa', 'LF', NULL, NULL),
('A10004', 'A10', STRINGDECODE('\u5f69\u7968'), 'CaiPiao', 'CP', NULL, NULL),
('A10005', 'A10', STRINGDECODE('\u62a5\u7eb8'), 'BaoZhi', 'BZ', NULL, NULL),
('A10006', 'A10', STRINGDECODE('\u793c\u7269'), 'LiWu', 'LW', NULL, NULL),
('A10007', 'A10', STRINGDECODE('\u8bfb\u5361\u5668'), 'DuKaQi', 'DKQ', NULL, NULL),
('A10008', 'A10', STRINGDECODE('\u5c4f\u5e55\u5237\u5b50'), 'PingMuShuaZi', 'PMSZ', NULL, NULL),
('A10009', 'A10', STRINGDECODE('\u90ae\u7968'), 'YouPiao', 'YP', TIMESTAMP '2009-07-17 22:10:57.5', NULL),
('A10011', 'A10', STRINGDECODE('\u4e66\u7c4d'), 'ShuJi', 'SJ', TIMESTAMP '2009-08-18 21:28:38.283', NULL),
('A10012', 'A10', STRINGDECODE('\u4f53\u91cd\u8ba1'), 'TiZhongJi', 'TZJ', TIMESTAMP '2009-09-10 21:13:26.917', NULL),
('A10013', 'A10', STRINGDECODE('\u82b1'), 'Hua', 'H', TIMESTAMP '2009-12-29 21:02:55.82', NULL),
('A10014', 'A10', STRINGDECODE('\u82b1\u80a5'), 'HuaFei', 'HF', TIMESTAMP '2011-07-29 19:05:50.437', NULL),
('A10015', 'A10', STRINGDECODE('\u6298\u6263'), 'ZheKou', 'ZK', TIMESTAMP '2013-08-14 20:23:25.783', NULL),
('A10016', 'A10', STRINGDECODE('\u7a0e'), 'Shui', 'S', TIMESTAMP '2013-08-31 15:55:55.307', NULL),
('A11001', 'A11', STRINGDECODE('\u53f6\u9178'), 'YeSuan', 'YS', NULL, NULL),
('A12001', 'A12', STRINGDECODE('\u5916\u98df'), 'WaiShi', 'WS', TIMESTAMP '2011-02-20 09:13:07.95', NULL),
('A13001', 'A13', STRINGDECODE('\u6d17\u9762\u5976'), 'XiMianNai', 'XMN', TIMESTAMP '2011-11-12 16:27:22.3', NULL),
('A13002', 'A13', STRINGDECODE('\u4e73\u6db2'), 'RuYe', 'RY', TIMESTAMP '2011-11-12 16:27:36.343', NULL),
('A13003', 'A13', STRINGDECODE('\u5316\u5986\u6c34'), 'HuaZhuangShui', 'HZS', TIMESTAMP '2011-11-12 16:27:57.797', NULL),
('A13004', 'A13', STRINGDECODE('\u9694\u79bb\u971c'), 'GeLiShuang', 'GLS', TIMESTAMP '2011-11-12 16:28:07.597', NULL),
('A13005', 'A13', STRINGDECODE('\u9632\u6652\u971c'), 'FangShaiShuang', 'FSS', TIMESTAMP '2011-11-12 16:28:19.253', NULL),
('A13006', 'A13', STRINGDECODE('\u9632\u6652\u971c'), 'FangShaiShuang', 'FSS', TIMESTAMP '2011-11-12 16:28:31.733', NULL),
('A13007', 'A13', STRINGDECODE('\u7709\u7b14'), 'MeiBi', 'MB', TIMESTAMP '2011-11-12 16:28:43.813', NULL),
('A13008', 'A13', STRINGDECODE('\u776b\u6bdb\u818f'), 'JieMaoGao', 'JMG', TIMESTAMP '2011-11-12 16:28:52.57', NULL),
('A13009', 'A13', STRINGDECODE('\u7c89\u5e95'), 'FenDi', 'FD', TIMESTAMP '2011-11-12 16:29:05.48', NULL),
('A13010', 'A13', STRINGDECODE('\u5f69\u5986'), 'CaiZhuang', 'CZ', TIMESTAMP '2011-11-12 16:29:28.81', NULL),
('A13011', 'A13', STRINGDECODE('\u5507\u818f'), 'ChunGao', 'CG', TIMESTAMP '2011-11-12 16:29:40.56', NULL),
('A13012', 'A13', STRINGDECODE('\u62a4\u624b\u971c'), 'HuShouShuang', 'HSS', TIMESTAMP '2011-11-12 16:29:54.547', NULL),
('A13013', 'A13', STRINGDECODE('\u773c\u5f71'), 'YanYing', 'YY', TIMESTAMP '2011-11-12 16:30:09.23', NULL),
('A13014', 'A13', STRINGDECODE('\u53e3\u7ea2'), 'KouHong', 'KH', TIMESTAMP '2011-11-12 16:30:17.597', NULL),
('A13015', 'A13', STRINGDECODE('\u9762\u819c'), 'MianMo', 'MM', TIMESTAMP '2011-11-12 16:31:02.067', NULL),
('A13016', 'A13', STRINGDECODE('\u6c90\u6d74\u4e73'), 'ZuoYuRu', 'ZYR', TIMESTAMP '2011-11-12 16:31:50.693', NULL),
('A13017', 'A13', STRINGDECODE('\u773c\u971c'), 'YanShuang', 'YS', TIMESTAMP '2011-11-12 16:32:25.773', NULL),
('A13018', 'A13', STRINGDECODE('\u773c\u7ebf\u7b14'), 'YanXianBi', 'YXB', TIMESTAMP '2011-11-12 16:32:41.257', NULL),
('A13019', 'A13', STRINGDECODE('\u5378\u5986\u6cb9'), 'XieZhuangYou', 'XZY', TIMESTAMP '2011-11-28 13:06:50.03', NULL),
('B01001', 'B01', STRINGDECODE('\u7164\u6c14\u8d39'), 'MeiQiFei', 'MQF', NULL, NULL),
('B01002', 'B01', STRINGDECODE('\u7535\u8d39'), 'DianFei', 'DF', NULL, NULL),
('B01003', 'B01', STRINGDECODE('\u6c34\u8d39'), 'ShuiFei', 'SF', NULL, NULL);    
INSERT INTO PUBLIC.GOODS_INFO(GOODS_ID, GOODS_TYPE_ID, GOODS_NAME, GOODS_NAME_PINYIN, GOODS_NAME_SHORT_PINYIN, CREATE_TIME, UPDATE_TIME) VALUES
('B02001', 'B02', STRINGDECODE('\u624b\u673a\u8d39'), 'ShouJiFei', 'SJF', NULL, NULL),
('B02002', 'B02', STRINGDECODE('\u7f51\u7edc'), 'WangLuo', 'WL', NULL, NULL),
('B03001', 'B03', STRINGDECODE('\u623f\u79df'), 'FangZu', 'FZ', NULL, NULL),
('B03002', 'B03', STRINGDECODE('\u623f\u8d37'), 'FangDai', 'FD', TIMESTAMP '2013-07-18 21:22:59.793', NULL),
('B03003', 'B03', STRINGDECODE('\u7ba1\u7406\u8d39'), 'GuanLiFei', 'GLF', TIMESTAMP '2013-07-18 21:23:11.78', NULL),
('B03004', 'B03', STRINGDECODE('\u623f\u8d37\u5229\u606f'), 'FangDaiLiXi', 'FDLX', TIMESTAMP '2013-09-07 19:55:08.193', NULL),
('B04001', 'B04', STRINGDECODE('\u56fd\u6c11\u5065\u5eb7\u4fdd\u9669'), 'GuoMinJianKangBaoXian', 'GMJKBX', TIMESTAMP '2011-06-29 11:00:24.147', NULL),
('B05001', 'B05', STRINGDECODE('\u5e02\u6c11\u7a0e'), 'ShiMinShui', 'SMS', TIMESTAMP '2012-08-22 11:35:17.713', NULL),
('B05002', 'B05', STRINGDECODE('\u3075\u308b\u3055\u3068\u7d0d\u7a0e'), 'jifu', 'jf', TIMESTAMP '2015-11-26 16:48:10.5', NULL),
('B06001', 'B06', STRINGDECODE('\u5e74\u91d1'), 'NianJin', 'NJ', TIMESTAMP '2016-01-23 09:48:11.28', NULL),
('B07001', 'B07', STRINGDECODE('\u56fa\u5b9a\u8d44\u4ea7\u7a0e'), 'GuDingZiChanShui', 'GDZCS', TIMESTAMP '2014-06-17 10:08:15.577', NULL),
('C01001', 'C01', STRINGDECODE('\u62a5\u540d\u8868'), 'BaoMingBiao', 'BMB', NULL, NULL),
('C01002', 'C01', STRINGDECODE('\u62a5\u540d\u8d39'), 'BaoMingFei', 'BMF', NULL, NULL),
('C01003', 'C01', STRINGDECODE('\u62a5\u540d\u624b\u7eed\u8d39'), 'BaoMingShouXuFei', 'BMSXF', NULL, NULL),
('C02001', 'C02', STRINGDECODE('\u8003\u8bd5\u4e66\u7c4d'), 'KaoShiShuJi', 'KSSJ', NULL, NULL),
('C02002', 'C02', STRINGDECODE('\u65e5\u8bed\u4e66\u7c4d'), 'RiYuShuJi', 'RYSJ', NULL, NULL),
('C03001', 'C03', STRINGDECODE('\u4e2d\u56fd\u8bed\u4e66'), 'ZhongGuoYuShu', 'ZGYS', NULL, NULL),
('C03002', 'C03', STRINGDECODE('\u767d\u7eb8'), 'BaiZhi', 'BZ', NULL, NULL),
('D01001', 'D01', STRINGDECODE('Bus\u5361'), 'BusKa', 'BK', NULL, NULL),
('D01002', 'D01', STRINGDECODE('\u7535\u8f66\u5361'), 'DianCheKa', 'DCK', NULL, NULL),
('D01003', 'D01', STRINGDECODE('\u4ea4\u901a\u8d39'), 'JiaoTongFei', 'JTF', NULL, NULL),
('D02001', 'D02', STRINGDECODE('\u62d6\u978b'), 'TuoXie', 'TX', NULL, NULL),
('D02002', 'D02', STRINGDECODE('\u624b\u5957'), 'ShouTao', 'ST', NULL, NULL),
('D02003', 'D02', STRINGDECODE('\u536b\u8863'), 'WeiYi', 'WY', NULL, NULL),
('D02004', 'D02', STRINGDECODE('\u6bdb\u7ed2\u5916\u5957'), 'MaoRongWaiTao', 'MRWT', NULL, NULL),
('D02005', 'D02', STRINGDECODE('\u5305\u5305'), 'BaoBao', 'BB', NULL, NULL),
('D02006', 'D02', STRINGDECODE('\u88e4\u5934'), 'KuTou', 'KT', NULL, NULL),
('D02007', 'D02', STRINGDECODE('\u9774\u88e4'), 'XueKu', 'XK', NULL, NULL),
('D02008', 'D02', STRINGDECODE('\u8fd0\u52a8\u978b'), 'YunDongXie', 'YDX', NULL, NULL),
('D02009', 'D02', STRINGDECODE('\u978b\u5b50'), 'XieZi', 'XZ', NULL, NULL),
('D02010', 'D02', STRINGDECODE('\u88e4\u5b50'), 'KuZi', 'KZ', NULL, NULL),
('D02011', 'D02', STRINGDECODE('\u8863\u670d'), 'YiFu', 'YF', TIMESTAMP '2009-05-09 11:07:49.17', NULL),
('D02012', 'D02', STRINGDECODE('\u9879\u94fe'), 'XiangLian', 'XL', TIMESTAMP '2009-05-20 19:50:36.78', NULL),
('D02013', 'D02', STRINGDECODE('\u76ae\u5e26'), 'pidai', 'pd', TIMESTAMP '2009-08-15 17:17:52.627', NULL),
('D02014', 'D02', STRINGDECODE('\u624b\u8868'), 'ShouBiao', 'SB', TIMESTAMP '2010-01-18 23:16:53.427', NULL),
('D02015', 'D02', STRINGDECODE('\u7238\u7238\u670d\u88c5'), 'BaBaFuZhuang', 'BBFZ', TIMESTAMP '2011-12-28 16:24:18.213', NULL),
('D02016', 'D02', STRINGDECODE('\u5988\u5988\u670d\u88c5'), 'MaMaFuZhuang', 'MMFZ', TIMESTAMP '2011-12-28 16:24:29.263', NULL),
('D02017', 'D02', STRINGDECODE('\u5b9d\u8d1d\u670d\u88c5'), 'BaoBeiFuZhuang', 'BBFZ', TIMESTAMP '2011-12-28 16:24:42.227', NULL),
('D03001', 'D03', STRINGDECODE('\u523b\u5f55\u76d8'), 'KeLuPan', 'KLP', NULL, NULL),
('D03002', 'D03', STRINGDECODE('\u5149\u9a71'), 'GuangQu', 'GQ', NULL, NULL),
('D03003', 'D03', STRINGDECODE('\u663e\u793a\u5668'), 'XianShiQi', 'XSQ', NULL, NULL);  
INSERT INTO PUBLIC.GOODS_INFO(GOODS_ID, GOODS_TYPE_ID, GOODS_NAME, GOODS_NAME_PINYIN, GOODS_NAME_SHORT_PINYIN, CREATE_TIME, UPDATE_TIME) VALUES
('D03004', 'D03', STRINGDECODE('\u63d2\u5ea7'), 'ChaZuo', 'CZ', NULL, NULL),
('D03005', 'D03', STRINGDECODE('\u81ea\u884c\u8f66'), 'ZiXingChe', 'ZXC', NULL, NULL),
('D03006', 'D03', STRINGDECODE('\u624b\u673a'), 'ShouJi', 'SJ', NULL, NULL),
('D03007', 'D03', STRINGDECODE('\u6536\u97f3\u673a'), 'ShouYinJi', 'SYJ', NULL, NULL),
('D03008', 'D03', STRINGDECODE('\u7535\u8111\u914d\u4ef6'), 'diannaopeijian', 'DNPJ', TIMESTAMP '2009-07-12 13:35:59.077', TIMESTAMP '2009-07-12 13:36:09.48'),
('D03009', 'D03', STRINGDECODE('\u5bb6\u5177'), 'JiaJu', 'JJ', TIMESTAMP '2009-10-01 15:29:22.21', NULL),
('D03010', 'D03', STRINGDECODE('\u7a7a\u8c03'), 'KongTiao', 'KT', TIMESTAMP '2010-01-11 21:29:42.273', NULL),
('D03011', 'D03', 'DV', 'DV', 'DV', TIMESTAMP '2010-01-24 18:23:11.587', NULL),
('D03012', 'D03', STRINGDECODE('\u71a8\u6597'), 'YunDou', 'YD', TIMESTAMP '2010-02-13 15:11:15.037', NULL),
('D03013', 'D03', STRINGDECODE('\u76f8\u673a'), 'XiangJi', 'XJ', TIMESTAMP '2010-09-10 20:55:10.157', NULL),
('D03014', 'D03', 'DVD', 'DVD', 'DVD', TIMESTAMP '2010-12-24 21:45:52.843', NULL),
('D03015', 'D03', STRINGDECODE('\u69a8\u6c41\u673a'), 'ZhaZhiJi', 'ZZJ', TIMESTAMP '2011-07-14 14:45:58.173', NULL),
('D03016', 'D03', STRINGDECODE('\u5e8a'), 'Chuang', 'C', TIMESTAMP '2013-08-07 16:26:57.563', NULL),
('D04001', 'D04', STRINGDECODE('\u95e8\u7968'), 'MenPiao', 'MP', NULL, NULL),
('D04002', 'D04', STRINGDECODE('\u4ea4\u901a\u8d39'), 'JiaoTongFei', 'JTF', NULL, NULL),
('D04003', 'D04', STRINGDECODE('\u7eaa\u5ff5\u54c1'), 'JiNianPin', 'JNP', NULL, NULL),
('D04004', 'D04', STRINGDECODE('\u793c\u7269'), 'LiWu', 'LW', NULL, NULL),
('D04005', 'D04', STRINGDECODE('\u5403\u996d'), 'ChiFan', 'CF', TIMESTAMP '2013-11-10 18:12:05.817', NULL),
('D05001', 'D05', STRINGDECODE('\u770b\u75c5'), 'KanBing', 'KB', NULL, NULL),
('D05002', 'D05', STRINGDECODE('\u836f\u54c1'), 'YaoPin', 'YP', TIMESTAMP '2009-08-29 23:01:18.9', NULL),
('D05003', 'D05', STRINGDECODE('\u9884\u9632\u9488'), 'YuFangZhen', 'YFZ', TIMESTAMP '2012-07-19 20:27:49.113', NULL),
('D05004', 'D05', STRINGDECODE('\u68c0\u67e5'), 'JianCha', 'JC', TIMESTAMP '2014-03-14 16:33:38.953', NULL),
('D05005', 'D05', STRINGDECODE('\u4f4f\u9662'), 'ZhuYuan', 'ZY', TIMESTAMP '2014-03-14 16:33:57.373', NULL),
('D06001', 'D06', STRINGDECODE('\u7bb1\u5b50'), 'XiangZi', 'XZ', NULL, NULL),
('D06002', 'D06', STRINGDECODE('\u9001\u8d27\u8d39'), 'SongHuoFei', 'SHF', NULL, NULL),
('D06003', 'D06', STRINGDECODE('\u51c9\u5e2d'), 'LiangXi', 'LX', NULL, NULL),
('D06004', 'D06', STRINGDECODE('\u8863\u67b6'), 'YiJia', 'YJ', NULL, NULL),
('D06005', 'D06', STRINGDECODE('\u5438\u6bdb\u53d1\u5668'), 'XiMaoFaQi', 'XMFQ', NULL, NULL),
('D06006', 'D06', STRINGDECODE('\u5927\u5939\u5b50'), 'DaJiaZi', 'DJZ', NULL, NULL),
('D06007', 'D06', STRINGDECODE('\u6728\u52fa\u5b50'), 'MuShaoZi', 'MSZ', NULL, NULL),
('D06008', 'D06', STRINGDECODE('\u76d0\u7f50'), 'YanGuan', 'YG', NULL, NULL),
('D06009', 'D06', STRINGDECODE('\u978b\u5237'), 'XieShua', 'XS', NULL, NULL),
('D06010', 'D06', STRINGDECODE('\u9760\u6795'), 'KaoZhen', 'KZ', NULL, NULL),
('D06011', 'D06', STRINGDECODE('\u4ea4\u901a\u8d39'), 'JiaoTongFei', 'JTF', NULL, NULL),
('D06012', 'D06', STRINGDECODE('\u8863\u670d\u67b6'), 'YiFuJia', 'YFJ', NULL, NULL),
('D06013', 'D06', STRINGDECODE('\u5200'), 'Dao', 'D', NULL, NULL),
('D06014', 'D06', STRINGDECODE('\u7b77\u5b50'), 'KuaiZi', 'KZ', NULL, NULL),
('D06015', 'D06', STRINGDECODE('\u5c0f\u7897'), 'XiaoWan', 'XW', NULL, NULL),
('D06016', 'D06', STRINGDECODE('\u5927\u7897'), 'DaWan', 'DW', NULL, NULL),
('D06017', 'D06', STRINGDECODE('\u9505\u94f2'), 'GuoChan', 'GC', NULL, NULL),
('D06018', 'D06', STRINGDECODE('\u76c6\u5b50'), 'PenZi', 'PZ', NULL, NULL),
('D06019', 'D06', STRINGDECODE('\u6302\u7ef3'), 'GuaSheng', 'GS', NULL, NULL),
('D06020', 'D06', STRINGDECODE('\u6302\u94a9'), 'GuaGou', 'GG', NULL, NULL),
('D06021', 'D06', STRINGDECODE('\u524a\u76ae\u5200'), 'XiaoPiDao', 'XPD', NULL, NULL),
('D06022', 'D06', STRINGDECODE('\u6bdb\u5dfe'), 'MaoJin', 'MJ', NULL, NULL);         
INSERT INTO PUBLIC.GOODS_INFO(GOODS_ID, GOODS_TYPE_ID, GOODS_NAME, GOODS_NAME_PINYIN, GOODS_NAME_SHORT_PINYIN, CREATE_TIME, UPDATE_TIME) VALUES
('D06023', 'D06', STRINGDECODE('\u62b9\u5e03'), 'MoBu', 'MB', NULL, NULL),
('D06024', 'D06', STRINGDECODE('\u6c64\u52fa'), 'TangShao', 'TS', NULL, NULL),
('D06025', 'D06', STRINGDECODE('\u52fa\u5b50'), 'ShaoZi', 'SZ', NULL, NULL),
('D06026', 'D06', STRINGDECODE('S\u578b\u6302\u94a9'), 'SXingGuaGou', 'SXGG', NULL, NULL),
('D06027', 'D06', STRINGDECODE('\u78e8\u5200\u68d2'), 'MoDaoBang', 'MDB', NULL, NULL),
('D06028', 'D06', STRINGDECODE('\u5939\u5b50'), 'JiaZi', 'JZ', NULL, NULL),
('D06029', 'D06', STRINGDECODE('\u591a\u5939\u8863\u67b6'), 'DuoJiaYiJia', 'DJYJ', NULL, NULL),
('D06030', 'D06', STRINGDECODE('\u76d8\u5b50'), 'PanZi', 'PZ', NULL, NULL),
('D06031', 'D06', STRINGDECODE('\u623f\u5b50\u62bc\u91d1'), 'FangZiYaJin', 'FZYJ', NULL, NULL),
('D06032', 'D06', STRINGDECODE('\u9505'), 'Guo', 'G', NULL, NULL),
('D06033', 'D06', STRINGDECODE('\u7a97\u5e18'), 'ChuangLian', 'CL', NULL, NULL),
('D06034', 'D06', STRINGDECODE('\u7a97\u5e18\u94a9'), 'ChuangLianGou', 'CLG', NULL, NULL),
('D06035', 'D06', STRINGDECODE('\u83dc\u677f'), 'CaiBan', 'CB', NULL, NULL),
('D06036', 'D06', STRINGDECODE('\u6302\u888b'), 'GuaDai', 'GD', NULL, NULL),
('D06037', 'D06', STRINGDECODE('\u88e4\u67b6'), 'KuJia', 'KJ', NULL, NULL),
('D06038', 'D06', STRINGDECODE('\u897f\u670d\u67b6'), 'XiFuJia', 'XFJ', NULL, NULL),
('D06039', 'D06', STRINGDECODE('\u5c0f\u6905\u5b50'), 'XiaoYiZi', 'XYZ', NULL, NULL),
('D06040', 'D06', STRINGDECODE('\u7164\u6c14\u7076'), 'MeiQiZao', 'MQZ', NULL, NULL),
('D06041', 'D06', STRINGDECODE('\u6795\u5957'), 'ZhenTao', 'ZT', NULL, NULL),
('D06042', 'D06', STRINGDECODE('\u88ab\u5957'), 'BeiTao', 'BT', NULL, NULL),
('D06043', 'D06', STRINGDECODE('\u5e8a\u5355'), 'ChuangDan', 'CD', NULL, NULL),
('D06044', 'D06', STRINGDECODE('\u57ab\u5b50'), 'DianZi', 'DZ', NULL, NULL),
('D06045', 'D06', STRINGDECODE('\u706f'), 'Deng', 'D', NULL, NULL),
('D06046', 'D06', STRINGDECODE('\u51b0\u7bb1'), 'BingXiang', 'BX', NULL, NULL),
('D06047', 'D06', STRINGDECODE('\u7535\u996d\u9505'), 'DianFanGuo', 'DFG', NULL, NULL),
('D06048', 'D06', STRINGDECODE('\u9505\u76d6'), 'GuoGai', 'GG', NULL, NULL),
('D06049', 'D06', STRINGDECODE('\u6905\u5b50'), 'YiZi', 'YZ', NULL, NULL),
('D06050', 'D06', STRINGDECODE('\u88ab\u5b50'), 'BeiZi', 'BZ', NULL, NULL),
('D06051', 'D06', STRINGDECODE('\u6795\u5934'), 'ZhenTou', 'ZT', NULL, NULL),
('D06052', 'D06', STRINGDECODE('\u684c\u5b50'), 'ZhuoZi', 'ZZ', NULL, NULL),
('D06053', 'D06', STRINGDECODE('\u526a\u5200'), 'JianDao', 'JD', NULL, NULL),
('D06054', 'D06', STRINGDECODE('\u8def\u7531'), 'LuYou', 'LY', NULL, NULL),
('D06055', 'D06', STRINGDECODE('\u70ed\u6c34\u58f6'), 'ReShuiHu', 'RSH', NULL, NULL),
('D06056', 'D06', STRINGDECODE('\u5fae\u6ce2\u7089'), 'WeiBoLu', 'WBL', NULL, NULL),
('D06057', 'D06', STRINGDECODE('\u94a2\u7cbe\u9505'), 'GangJingGuo', 'GJG', NULL, NULL),
('D06058', 'D06', STRINGDECODE('\u676f\u5b50'), 'BeiZi', 'BZ', NULL, NULL),
('D06059', 'D06', STRINGDECODE('\u6e29\u5ea6\u8ba1'), 'WenDuJi', 'WDJ', NULL, NULL),
('D06060', 'D06', STRINGDECODE('\u5851\u6599\u677f'), 'SuLiaoBan', 'SLB', NULL, NULL),
('D06061', 'D06', STRINGDECODE('\u95f9\u949f'), 'NaoZhong', 'NZ', NULL, NULL),
('D06062', 'D06', STRINGDECODE('\u63d2\u5ea7'), 'ChaZuo', 'CZ', NULL, NULL),
('D06063', 'D06', STRINGDECODE('\u6bdb\u6bef'), 'MaoTan', 'MT', NULL, NULL),
('D06064', 'D06', STRINGDECODE('\u80a5\u7682\u76d2'), 'FeiZaoHe', 'FZH', NULL, NULL),
('D06065', 'D06', STRINGDECODE('\u7535\u89c6\u673a'), 'DianShiJi', 'DSJ', NULL, NULL),
('D06066', 'D06', STRINGDECODE('\u5c16\u5634\u94b3'), 'JianZuiQian', 'JZQ', NULL, NULL),
('D06067', 'D06', STRINGDECODE('\u8863\u670d\u7bb1\u5b50'), 'YiFuXiangZi', 'YFXZ', NULL, NULL),
('D06068', 'D06', STRINGDECODE('\u6d17\u8863\u673a'), 'XiYiJi', 'XYJ', NULL, NULL),
('D06069', 'D06', STRINGDECODE('\u5438\u5c18\u5668'), 'XiChenQi', 'XCQ', NULL, NULL),
('D06070', 'D06', STRINGDECODE('\u53d6\u6696\u5668'), 'QuNuanQi', 'QNQ', NULL, NULL),
('D06071', 'D06', STRINGDECODE('\u706b\u9505'), 'HuoGuo', 'HG', NULL, NULL);  
INSERT INTO PUBLIC.GOODS_INFO(GOODS_ID, GOODS_TYPE_ID, GOODS_NAME, GOODS_NAME_PINYIN, GOODS_NAME_SHORT_PINYIN, CREATE_TIME, UPDATE_TIME) VALUES
('D06072', 'D06', STRINGDECODE('\u7b77\u7b52'), 'KuaiTong', 'KT', NULL, NULL),
('D06073', 'D06', STRINGDECODE('\u5783\u573e\u6876'), 'LaJiTong', 'LJT', NULL, NULL),
('D06074', 'D06', STRINGDECODE('\u7259\u5237\u53f0'), 'YaShuaTai', 'YST', NULL, NULL),
('D06075', 'D06', STRINGDECODE('\u7897'), 'Wan', 'W', NULL, NULL),
('D06076', 'D06', STRINGDECODE('\u6d17\u6fa1\u6846'), 'XiZaoKuang', 'XZK', NULL, NULL),
('D06077', 'D06', STRINGDECODE('\u67dc\u5b50'), 'GuiZi', 'GZ', NULL, NULL),
('D06078', 'D06', STRINGDECODE('\u5851\u6599\u7b50'), 'SuLiaoKuang', 'SLK', NULL, NULL),
('D06079', 'D06', STRINGDECODE('\u624b\u5957'), 'ShouTao', 'ST', NULL, NULL),
('D06080', 'D06', STRINGDECODE('\u7cd6\u7f50'), 'TangGuan', 'TG', NULL, NULL),
('D06081', 'D06', STRINGDECODE('\u83dc\u7b50'), 'CaiKuang', 'CK', NULL, NULL),
('D06082', 'D06', STRINGDECODE('\u6c34\u76c6'), 'ShuiPen', 'SP', NULL, NULL),
('D06083', 'D06', STRINGDECODE('\u6bdb\u5dfe\u67b6'), 'MaoJinJia', 'MJJ', NULL, NULL),
('D06084', 'D06', STRINGDECODE('\u996d\u684c'), 'FanZhuo', 'FZ', NULL, NULL),
('D06085', 'D06', STRINGDECODE('\u7535\u8111\u684c'), 'DianNaoZhuo', 'DNZ', NULL, NULL),
('D06086', 'D06', STRINGDECODE('\u677f\u51f3'), 'BanDeng', 'BD', NULL, NULL),
('D06087', 'D06', STRINGDECODE('\u62d6\u978b'), 'TuoXie', 'TX', NULL, NULL),
('D06088', 'D06', STRINGDECODE('\u83dc\u76c6'), 'CaiPen', 'CP', NULL, NULL),
('D06089', 'D06', STRINGDECODE('\u7535\u98ce\u6247'), 'DianFengShan', 'DFS', NULL, NULL),
('D06090', 'D06', STRINGDECODE('\u9ad8\u538b\u9505'), 'GaoYaGuo', 'GYG', TIMESTAMP '2009-05-21 20:50:40.687', NULL),
('D07001', 'D07', STRINGDECODE('\u9001\u8d27\u8d39'), 'SongHuoFei', 'SHF', NULL, NULL),
('D07002', 'D07', STRINGDECODE('\u4fe1\u5c01'), 'XinFeng', 'XF', NULL, NULL),
('D07003', 'D07', STRINGDECODE('\u767b\u5f55\u8bc1\u539f\u7968\u8bc1\u660e'), 'DengLuZhengYuanPiaoZhengMing', 'DLZYPZM', NULL, NULL),
('D07004', 'D07', STRINGDECODE('\u590d\u5370'), 'FuYin', 'FY', NULL, NULL),
('D07005', 'D07', STRINGDECODE('\u672a\u77e5'), 'WeiZhi', 'WZ', NULL, NULL),
('D07006', 'D07', STRINGDECODE('\u5176\u4ed6'), 'QiTa', 'QT', TIMESTAMP '2010-01-11 21:30:09.68', NULL),
('D07007', 'D07', STRINGDECODE('\u7b7e\u8bc1\u66f4\u65b0'), 'QianZhengGengXin', 'QZGX', TIMESTAMP '2011-07-09 12:28:59.327', NULL),
('D07008', 'D07', STRINGDECODE('\u518d\u5165\u56fd'), 'ZaiRuGuo', 'ZRG', TIMESTAMP '2011-07-09 12:29:09.197', NULL),
('D07009', 'D07', STRINGDECODE('\u5783\u573e\u5904\u7406\u5238'), 'LaJiChuLiQuan', 'LJCLQ', TIMESTAMP '2013-02-25 16:15:42.65', NULL),
('D07010', 'D07', STRINGDECODE('\u58a8\u76d2'), 'MoHe', 'MH', TIMESTAMP '2015-10-16 22:15:52.12', NULL),
('D07011', 'D07', STRINGDECODE('\u6253\u5370\u7eb8'), 'DaYinZhi', 'DYZ', TIMESTAMP '2015-10-16 22:16:07.327', NULL),
('D09001', 'D09', STRINGDECODE('\u90ae\u8d39'), 'YouFei', 'YF', TIMESTAMP '2009-05-21 14:38:58.327', NULL),
('D10001', 'D10', STRINGDECODE('\u6e38\u6cf3\u7528\u54c1'), 'YouYongYongPin', 'YYYP', TIMESTAMP '2012-08-19 21:10:41.723', NULL),
('D10002', 'D10', STRINGDECODE('\u95e8\u7968'), 'MenPiao', 'MP', TIMESTAMP '2012-08-19 21:50:23.62', NULL),
('D11001', 'D11', STRINGDECODE('\u623f\u5c4b\u8d39\u7528'), 'FangWuFeiYong', 'FWFY', TIMESTAMP '2013-06-19 20:28:52.2', NULL),
('D11002', 'D11', STRINGDECODE('\u770b\u623f\u5f00\u652f'), 'KanFangKaiZhi', 'KFKZ', TIMESTAMP '2013-06-19 20:29:09.327', NULL),
('D11003', 'D11', STRINGDECODE('\u4e2d\u4ecb\u8d39\u7528'), 'ZhongJieFeiYong', 'ZJFY', TIMESTAMP '2013-06-19 20:29:19.837', NULL),
('D11004', 'D11', STRINGDECODE('\u5176\u4ed6\u8d39\u7528'), 'QiTaFeiYong', 'QTFY', TIMESTAMP '2013-06-19 20:31:16.977', NULL),
('D11005', 'D11', STRINGDECODE('\u88c5\u4fee\u8d39\u7528'), 'ZhuangXiuFeiYong', 'ZXFY', TIMESTAMP '2013-07-19 21:48:48.003', NULL),
('E01001', 'E01', STRINGDECODE('\u4e66'), 'Shu', 'S', TIMESTAMP '2009-08-22 14:49:27.717', NULL),
('E02001', 'E02', STRINGDECODE('\u7535\u8f66\u8d39'), 'DianCheFei', 'DCF', TIMESTAMP '2009-08-22 14:49:38.94', NULL),
('E02002', 'E02', STRINGDECODE('\u51fa\u79df\u8f66'), 'ChuZuChe', 'CZC', TIMESTAMP '2009-08-22 14:50:34.247', NULL);  
INSERT INTO PUBLIC.GOODS_INFO(GOODS_ID, GOODS_TYPE_ID, GOODS_NAME, GOODS_NAME_PINYIN, GOODS_NAME_SHORT_PINYIN, CREATE_TIME, UPDATE_TIME) VALUES
('E03001', 'E03', STRINGDECODE('\u4f53\u68c0\u8d39'), 'TiJianFei', 'TJF', TIMESTAMP '2009-08-22 14:49:54.853', NULL),
('E03002', 'E03', STRINGDECODE('\u51fa\u751f\u8d39\u7528'), 'ChuShengFeiYong', 'CSFY', TIMESTAMP '2010-04-24 14:32:06.703', NULL),
('E03003', 'E03', STRINGDECODE('\u5c0f\u5b69\u68c0\u67e5'), 'XiaoHaiJianCha', 'XHJC', TIMESTAMP '2010-04-26 22:21:10.403', NULL),
('E04001', 'E04', STRINGDECODE('\u5b55\u5987\u88c5'), 'YunFuZhuang', 'YFZ', TIMESTAMP '2009-08-22 14:50:05.943', NULL),
('E04002', 'E04', STRINGDECODE('\u5a74\u513f\u670d'), 'YingErFu', 'YEF', TIMESTAMP '2009-08-22 14:51:05.88', NULL),
('E04003', 'E04', STRINGDECODE('\u978b\u5b50'), 'XieZi', 'XZ', NULL, NULL),
('E04004', 'E04', STRINGDECODE('\u889c\u5b50'), 'WaZi', 'WZ', NULL, NULL),
('E04005', 'E04', STRINGDECODE('\u88e4\u5934'), 'KuTou', 'KT', NULL, NULL),
('E04006', 'E04', STRINGDECODE('\u5916\u5957'), 'WaiTao', 'WT', NULL, NULL),
('E04007', 'E04', STRINGDECODE('\u88e4\u5b50'), 'KuZi', 'KZ', NULL, NULL),
('E04008', 'E04', STRINGDECODE('\u5e3d\u5b50'), 'MaoZi', 'MZ', NULL, NULL),
('E04009', 'E04', STRINGDECODE('\u5185\u8863'), 'NeiYi', 'NY', NULL, NULL),
('E05001', 'E05', STRINGDECODE('\u6bdb\u7ed2\u73a9\u5177'), 'MaoRongWanJu', 'MRWJ', TIMESTAMP '2009-08-29 22:51:38.567', NULL),
('E05002', 'E05', STRINGDECODE('\u76ca\u667a\u73a9\u5177'), 'YiZhiWanJu', 'YZWJ', TIMESTAMP '2011-05-15 21:09:11.647', NULL),
('E05003', 'E05', STRINGDECODE('\u6c7d\u8f66\u73a9\u5177'), 'QiCheWanJu', 'QCWJ', TIMESTAMP '2011-05-15 21:09:37.267', NULL),
('E05004', 'E05', STRINGDECODE('\u73a9\u5177'), 'WanJu', 'WJ', TIMESTAMP '2014-02-14 15:52:21.71', NULL),
('E06001', 'E06', STRINGDECODE('\u5b55\u5987\u5976\u7c89'), 'YunFuNaiFen', 'YFNF', TIMESTAMP '2009-09-06 20:00:22.19', NULL),
('E06002', 'E06', STRINGDECODE('\u5976\u7c89'), 'NaiFen', 'NF', TIMESTAMP '2010-04-29 21:38:15.167', NULL),
('E06003', 'E06', STRINGDECODE('\u79bb\u4e73\u98df'), 'LiRuShi', 'LRS', TIMESTAMP '2010-09-10 21:10:46.65', NULL),
('E06004', 'E06', STRINGDECODE('\u9e21\u86cb'), 'JiDan', 'JD', TIMESTAMP '2010-11-21 23:14:15.85', NULL),
('E06005', 'E06', STRINGDECODE('\u5176\u4ed6'), 'QiTa', 'QT', TIMESTAMP '2010-11-21 23:14:28.297', NULL),
('E06006', 'E06', STRINGDECODE('\u8c46\u8150'), 'DouFu', 'DF', TIMESTAMP '2010-11-21 23:16:17.61', NULL),
('E06007', 'E06', STRINGDECODE('baby\u98df\u54c1'), 'babyShiPin', 'SP', NULL, NULL),
('E06008', 'E06', STRINGDECODE('\u9178\u5976'), 'SuanNai', 'SN', TIMESTAMP '2011-07-09 12:23:45.033', NULL),
('E06009', 'E06', STRINGDECODE('\u997c\u5e72'), 'BingGan', 'BG', TIMESTAMP '2011-07-09 12:23:53.443', NULL),
('E06010', 'E06', STRINGDECODE('\u679c\u51bb'), 'GuoDong', 'GD', TIMESTAMP '2011-07-09 12:24:03.16', NULL),
('E06011', 'E06', STRINGDECODE('\u679c\u6c41'), 'GuoZhi', 'GZ', TIMESTAMP '2011-07-09 12:24:11.123', NULL),
('E06012', 'E06', STRINGDECODE('\u86cb\u7cd5'), 'DanGao', 'DG', TIMESTAMP '2011-07-09 12:24:38.01', NULL),
('E06013', 'E06', STRINGDECODE('\u9762\u5305'), 'MianBao', 'MB', TIMESTAMP '2011-07-09 12:24:49.187', NULL),
('E06014', 'E06', STRINGDECODE('\u9c7c\u8089'), 'YuRou', 'YR', TIMESTAMP '2011-07-09 12:25:02.72', NULL),
('E06015', 'E06', STRINGDECODE('\u867e\u5b50'), 'XiaZi', 'XZ', TIMESTAMP '2011-07-09 12:25:11.77', NULL),
('E07001', 'E07', STRINGDECODE('\u88ab\u5b50'), 'BeiZi', 'BZ', TIMESTAMP '2009-12-19 16:31:18.62', NULL),
('E07002', 'E07', STRINGDECODE('\u8863\u670d'), 'YiFu', 'YF', TIMESTAMP '2009-12-19 16:31:26.723', NULL),
('E07003', 'E07', STRINGDECODE('\u5a74\u513f\u9999\u7682'), 'YingErXiangZao', 'YEXZ', TIMESTAMP '2009-12-19 16:31:56.817', NULL),
('E07004', 'E07', STRINGDECODE('\u6d74\u5dfe'), 'YuJin', 'YJ', TIMESTAMP '2010-01-18 23:17:38.58', NULL),
('E07005', 'E07', STRINGDECODE('\u7b7e\u8bc1\u8d39\u7528'), 'QianZhengFeiYong', 'QZFY', TIMESTAMP '2010-01-18 23:22:14.74', NULL),
('E07006', 'E07', STRINGDECODE('\u6e29\u5ea6\u8ba1'), 'WenDuJi', 'WDJ', TIMESTAMP '2010-01-19 23:05:20.393', NULL),
('E07007', 'E07', STRINGDECODE('\u7eb8\u5c3f\u88e4'), 'ZhiNiaoKu', 'ZNK', TIMESTAMP '2010-01-19 23:05:37.15', NULL);               
INSERT INTO PUBLIC.GOODS_INFO(GOODS_ID, GOODS_TYPE_ID, GOODS_NAME, GOODS_NAME_PINYIN, GOODS_NAME_SHORT_PINYIN, CREATE_TIME, UPDATE_TIME) VALUES
('E07008', 'E07', STRINGDECODE('\u5976\u74f6'), 'NaiPing', 'NP', TIMESTAMP '2010-01-19 23:05:47.277', NULL),
('E07009', 'E07', STRINGDECODE('\u624b\u5e15'), 'ShouPa', 'SP', TIMESTAMP '2010-01-19 23:05:54.303', NULL),
('E07010', 'E07', STRINGDECODE('\u6e7f\u5dfe'), 'ShiJin', 'SJ', TIMESTAMP '2010-01-19 23:06:19.853', NULL),
('E07011', 'E07', STRINGDECODE('\u68c9\u68d2'), 'MianBang', 'MB', TIMESTAMP '2010-01-19 23:08:30.96', NULL),
('E07012', 'E07', STRINGDECODE('\u7eb8\u5c3f\u88e4'), 'ZhiNiaoKu', 'ZNK', TIMESTAMP '2010-03-13 16:09:39.79', NULL),
('E07013', 'E07', STRINGDECODE('\u7167\u7247'), 'ZhaoPian', 'ZP', TIMESTAMP '2010-04-20 14:00:31.673', NULL),
('E07014', 'E07', STRINGDECODE('\u4fdd\u6e29\u888b'), 'BaoWenDai', 'BWD', TIMESTAMP '2010-04-24 14:22:34.143', NULL),
('E07015', 'E07', STRINGDECODE('\u5c0f\u7269\u54c1'), 'XiaoWuPin', 'XWP', TIMESTAMP '2010-09-10 20:53:17.143', NULL),
('E08001', 'E08', STRINGDECODE('\u65e5\u7528\u54c1'), 'RiYongPin', 'RYP', NULL, NULL),
('E09001', 'E09', STRINGDECODE('\u6e38\u4e50\u573a'), 'YouLeChang', 'YLC', TIMESTAMP '2011-08-18 19:21:05.787', NULL),
('E09002', 'E09', STRINGDECODE('\u52a8\u7269\u56ed'), 'DongWuYuan', 'DWY', TIMESTAMP '2011-08-21 09:51:32.28', NULL),
('E09003', 'E09', STRINGDECODE('\u6c34\u65cf\u9986'), 'ShuiZuGuan', 'SZG', TIMESTAMP '2011-08-21 09:51:42.793', NULL),
('E10001', 'E10', STRINGDECODE('\u5b66\u8d39'), 'XueFei', 'XF', TIMESTAMP '2012-06-11 18:05:07.59', NULL),
('E10002', 'E10', STRINGDECODE('\u5b66\u4e60\u7528\u5177'), 'XueXiYongJu', 'XXYJ', TIMESTAMP '2012-06-11 18:05:22.673', NULL),
('E10003', 'E10', STRINGDECODE('\u4e66\u672c\u8d39'), 'ShuBenFei', 'SBF', TIMESTAMP '2012-06-11 18:05:38.883', NULL),
('E10004', 'E10', STRINGDECODE('\u6587\u5177'), 'WenJu', 'WJ', TIMESTAMP '2012-06-11 18:05:56.53', NULL),
('E10005', 'E10', STRINGDECODE('\u8bfe\u5916\u4e66'), 'KeWaiShu', 'KWS', TIMESTAMP '2017-08-06 22:17:45.277', NULL),
('E11001', 'E11', STRINGDECODE('\u4fdd\u80b2\u8d39'), 'BaoYuFei', 'BYF', TIMESTAMP '2013-04-25 12:07:37.257', NULL),
('E13001', 'E13', STRINGDECODE('\u5165\u56ed\u91d1'), 'RuYuanJin', 'RYJ', TIMESTAMP '2014-02-14 15:54:24.037', NULL),
('E13002', 'E13', STRINGDECODE('\u5e7c\u513f\u56ed\u5b66\u8d39'), 'YouErYuanXueFei', 'YEYXF', TIMESTAMP '2014-02-14 15:54:36.737', NULL),
('E13003', 'E13', STRINGDECODE('\u5e7c\u513f\u56ed\u5348\u9910\u8d39'), 'YouErYuanWuCanFei', 'YEYWCF', TIMESTAMP '2014-02-14 15:54:48.48', NULL),
('E13004', 'E13', STRINGDECODE('\u5e7c\u513f\u56ed\u670d\u88c5'), 'YouErYuanFuZhuang', 'YEYFZ', TIMESTAMP '2014-02-14 15:54:57.823', NULL),
('E13005', 'E13', STRINGDECODE('\u5e7c\u513f\u56ed\u7528\u54c1'), 'YouErYuanYongPin', 'YEYYP', TIMESTAMP '2014-02-14 15:55:10.14', NULL),
('E13006', 'E13', STRINGDECODE('\u5e7c\u513f\u56ed\u5b66\u7814'), 'YouErYuanXueYan', 'YEYXY', TIMESTAMP '2014-02-14 15:55:34.677', NULL),
('E13007', 'E13', STRINGDECODE('\u5e7c\u513f\u56ed\u5176\u4ed6'), 'YouErYuanQiTa', 'YEYQT', TIMESTAMP '2014-02-14 15:55:56.443', NULL),
('E13008', 'E13', STRINGDECODE('\u5e7c\u513f\u56ed\u725b\u5976\u8d39'), 'YouErYuanNiuNaiFei', 'YEYNNF', TIMESTAMP '2014-04-23 12:57:42.327', NULL),
('E13009', 'E13', STRINGDECODE('\u5e7c\u513f\u56ed\u540e\u63f4\u8d39'), 'YouErYuanHouYuanFei', 'YEYHYF', TIMESTAMP '2014-05-29 17:35:58.713', NULL),
('G01001', 'G01', STRINGDECODE('\u6838\u8d26'), 'HeZhang', 'HZ', TIMESTAMP '2015-08-26 21:34:16.447', NULL),
('G02001', 'G02', STRINGDECODE('\u5fae\u5e97\u7269\u54c1'), 'WeiDianWuPin', 'WDWP', TIMESTAMP '2015-08-26 21:35:14.267', NULL),
('G02002', 'G02', STRINGDECODE('\u5fae\u5e97\u8fd0\u8d39'), 'WeiDianYunFei', 'WDYF', TIMESTAMP '2015-08-26 21:35:28.28', NULL),
('G02003', 'G02', STRINGDECODE('\u5fae\u5e97\u5907\u8d27'), 'WeiDianBeiHuo', 'WDBH', TIMESTAMP '2016-03-23 20:53:17.147', NULL),
('G03001', 'G03', STRINGDECODE('\u4ee3\u8d2d(\u505c\u7528)'), NULL, NULL, TIMESTAMP '2015-08-26 21:52:14.02', NULL),
('G04001', 'G04', STRINGDECODE('nanaco\u5145\u503c'), 'nanacoChongZhi', 'nanacoCZ', TIMESTAMP '2015-08-26 22:03:31.583', NULL);        
INSERT INTO PUBLIC.GOODS_INFO(GOODS_ID, GOODS_TYPE_ID, GOODS_NAME, GOODS_NAME_PINYIN, GOODS_NAME_SHORT_PINYIN, CREATE_TIME, UPDATE_TIME) VALUES
('G04002', 'G04', STRINGDECODE('\u5145\u503c'), 'ChongZhi', 'CZ', TIMESTAMP '2015-08-26 22:03:46.523', NULL),
('G04003', 'G04', STRINGDECODE('\u4ee3\u4ed8'), 'DaiFu', 'DF', TIMESTAMP '2015-08-26 22:03:54.913', NULL),
('Z01001', 'Z01', STRINGDECODE('\u7535\u8f66\u5361'), 'DianCheKa', 'DCK', NULL, NULL),
('Z01002', 'Z01', STRINGDECODE('\u4ea4\u901a\u8d39'), 'JiaoTongFei', 'JTF', NULL, NULL),
('Z01003', 'Z01', STRINGDECODE('\u6708\u7968'), 'YuePiao', 'YP', NULL, NULL),
('Z01004', 'Z01', STRINGDECODE('bus\u5361'), 'busKa', 'busK', NULL, NULL),
('Z01005', 'Z01', STRINGDECODE('\u56de\u6570\u5377'), 'HuiShuJuan', 'HSJ', NULL, NULL),
('Z02001', 'Z02', STRINGDECODE('\u4f1a\u9910'), 'HuiCan', 'HC', NULL, NULL),
('Z03001', 'Z03', STRINGDECODE('\u4f53\u68c0'), 'TiJian', 'TJ', NULL, NULL),
('Z03002', 'Z03', STRINGDECODE('\u5c0f\u793c\u7269'), 'XiaoLiWu', 'XLW', NULL, NULL),
('Z03003', 'Z03', STRINGDECODE('\u767b\u5f55\u8bc1\u539f\u7968\u8bc1\u660e'), 'DengLuZhengYuanPiaoZhengMing', 'DLZYPZM', NULL, NULL),
('Z03004', 'Z03', STRINGDECODE('\u8bdd\u7b52'), 'HuaTong', 'HT', NULL, NULL),
('Z03005', 'Z03', STRINGDECODE('\u8033\u673a'), 'ErJi', 'EJ', NULL, NULL),
('A01078', 'A01', STRINGDECODE('LIFE\u4e00\u697c'), 'LIFEYiLou', 'LIFEYL', TIMESTAMP '2017-12-17 19:49:24.679', TIMESTAMP '2017-12-17 19:49:24.679'),
('A01075', 'A01', STRINGDECODE('\u9752\u679c\u30d3\u30c3\u30af\u30ea'), 'QingGuo', 'QG', TIMESTAMP '2013-08-26 15:37:18.397', NULL),
('A01004', 'A01', STRINGDECODE('\u30b9\u30fc\u30d1\u30fc\u307f\u3089\u3079\u308b'), 'supermiraberu', 'spmrbr', NULL, NULL),
('A01053', 'A01', STRINGDECODE('\u3084\u304a\u307f\u3064'), 'yaomitu', 'yaomitu', NULL, NULL),
('D04006', 'D04', STRINGDECODE('\u4f4f\u5bbf'), 'ZhuSu', 'ZS', TIMESTAMP '2017-12-29 22:31:07.423', TIMESTAMP '2017-12-29 22:31:07.423'),
('A10010', 'A10', STRINGDECODE('\u4e2d\u534e\u7269\u4ea7\u5e97'), 'ZhongHuaWuChanDian', 'ZHWCD', TIMESTAMP '2009-07-17 22:11:16.687', NULL),
('A08010', 'A08', STRINGDECODE('LIFE\u4e8c\u697c'), 'LIFEErLou', 'LIFEEL', NULL, NULL),
('A01079', 'A01', 'OK', 'OK', 'OK', TIMESTAMP '2018-01-08 10:42:13.597', TIMESTAMP '2018-01-08 10:42:13.597'),
('A01062', 'A01', STRINGDECODE('\u30d9\u30b8\u30de\u30eb'), 'BeJiMaRu', 'BJMR', NULL, NULL),
('A01009', 'A01', STRINGDECODE('\u6fc0\u5b89\u672c\u8217'), 'JiAnBenPu', 'JABP', NULL, NULL),
('A08038', 'A08', STRINGDECODE('\u307f\u3069\u308a\u5c4b'), 'midoriWu', 'MDRW', NULL, NULL),
('A01068', 'A01', STRINGDECODE('\u307e\u308b\u3055\u3068'), 'marusato', 'mrst', TIMESTAMP '2011-08-23 11:58:18.683', NULL),
('A01077', 'A01', STRINGDECODE('\u3084\u304a\u307f\u3064'), 'yaomitu', 'YOMT', TIMESTAMP '2015-02-05 09:25:27.25', NULL),
('A02031', 'A02', STRINGDECODE('\u65e5\u5357'), 'RiNan', 'RN', TIMESTAMP '2011-07-24 20:43:15.193', NULL),
('F2001', 'F2', STRINGDECODE('\u5348\u9910\u8d39'), 'WuCanFei', 'WCF', TIMESTAMP '2018-12-09 21:07:35.571', TIMESTAMP '2018-12-09 21:07:35.571'),
('F2002', 'F2', STRINGDECODE('\u6587\u5177'), 'WenJu', 'WJ', TIMESTAMP '2018-12-09 21:08:24.598', TIMESTAMP '2018-12-09 21:08:24.598'),
('F3001', 'F3', 'SAPIX', 'SAPIX', 'SAPIX', TIMESTAMP '2018-12-09 21:08:47.987', TIMESTAMP '2018-12-09 21:08:47.987'),
('F3002', 'F3', 'YAMAHA', 'YAMAHA', 'YAMAHA', TIMESTAMP '2018-12-09 21:09:12.237', TIMESTAMP '2018-12-09 21:09:12.237'),
('F3003', 'F3', STRINGDECODE('\u7b97\u76d8'), 'SuanPan', 'SP', TIMESTAMP '2018-12-09 21:10:02.619', TIMESTAMP '2018-12-09 21:10:02.619'),
('F3004', 'F3', STRINGDECODE('\u5b66\u7814'), 'XueYan', 'XY', TIMESTAMP '2018-12-09 21:10:46.47', TIMESTAMP '2018-12-09 21:10:46.47'),
('F4001', 'F4', 'YAMAHA', 'YAMAHA', 'YAMAHA', TIMESTAMP '2018-12-09 21:11:07.463', TIMESTAMP '2018-12-09 21:11:07.463'),
('F4002', 'F4', STRINGDECODE('\u5b66\u7814'), 'XueYan', 'XY', TIMESTAMP '2018-12-09 21:11:19.009', TIMESTAMP '2018-12-09 21:11:19.009'),
('F4003', 'F4', STRINGDECODE('\u6e38\u6cf3'), 'YouYong', 'YY', TIMESTAMP '2018-12-09 21:11:41.687', TIMESTAMP '2018-12-09 21:11:41.687');               
INSERT INTO PUBLIC.GOODS_INFO(GOODS_ID, GOODS_TYPE_ID, GOODS_NAME, GOODS_NAME_PINYIN, GOODS_NAME_SHORT_PINYIN, CREATE_TIME, UPDATE_TIME) VALUES
('F2003', 'F2', STRINGDECODE('\u7167\u7247'), 'ZhaoPian', 'ZP', TIMESTAMP '2018-12-24 11:48:11.653', TIMESTAMP '2018-12-24 11:48:11.653'),
('F2004', 'F2', STRINGDECODE('\u5176\u4ed6'), 'QiTa', 'QT', TIMESTAMP '2018-12-24 11:49:23.835', TIMESTAMP '2018-12-24 11:49:23.835'),
('A01061', 'A01', STRINGDECODE('\u8089\u306e\u30cf\u30ca\u30de\u30b5'), 'nikunohanamasa', 'NKHNMS', NULL, NULL),
('G01002', 'G01', STRINGDECODE('\u652f\u4ed8\u5b9d\u5fae\u4fe1\u652f\u4ed8'), 'ZhiFuBaoWeiXinZhiFu', 'ZFBWXZF', TIMESTAMP '2019-01-06 13:22:13.989', TIMESTAMP '2019-01-06 13:22:13.989'),
('A08016', 'A08', 'VIVAHome', 'VIVAHOME', 'VIVAHOME', NULL, NULL),
('A06012', 'A06', STRINGDECODE('\u51c9\u76ae'), 'LiangPi', 'LP', NULL, NULL);          
--CREATE CACHED TABLE PUBLIC.CODE_MASTER(
--    CODE_TYPE CHAR(2) NOT NULL,
--    CODE_TYPE_NAME VARCHAR(50),
--    CODE_VALUE CHAR(2) NOT NULL,
--    CODE_TEXT VARCHAR(50),
--    CREATE_TIME TIMESTAMP(3),
--    UPDATE_TIME TIMESTAMP(3)
--);      
--ALTER TABLE PUBLIC.CODE_MASTER ADD CONSTRAINT PUBLIC.CONSTRAINT_E PRIMARY KEY(CODE_TYPE, CODE_VALUE);         
-- 9 +/- SELECT COUNT(*) FROM PUBLIC.CODE_MASTER;             
INSERT INTO PUBLIC.CODE_MASTER(CODE_TYPE, CODE_TYPE_NAME, CODE_VALUE, CODE_TEXT, CREATE_TIME, UPDATE_TIME) VALUES
('01', STRINGDECODE('\u6536\u5165\u533a\u5206'), '01', STRINGDECODE('\u5de5\u8d44'), NULL, NULL),
('01', STRINGDECODE('\u6536\u5165\u533a\u5206'), '02', STRINGDECODE('\u4ea4\u901a\u8d39'), NULL, NULL),
('01', STRINGDECODE('\u6536\u5165\u533a\u5206'), '03', STRINGDECODE('\u52a0\u73ed\u8d39'), NULL, NULL),
('01', STRINGDECODE('\u6536\u5165\u533a\u5206'), '99', STRINGDECODE('\u5176\u4ed6'), NULL, NULL),
('02', STRINGDECODE('\u8d26\u5355\u7c7b\u522b'), '01', STRINGDECODE('\u4e50\u5929'), TIMESTAMP '2012-09-29 22:27:55.71', TIMESTAMP '2012-09-29 22:27:55.71'),
('02', STRINGDECODE('\u8d26\u5355\u7c7b\u522b'), '02', 'ViewCard', TIMESTAMP '2012-09-29 22:27:55.713', TIMESTAMP '2012-09-29 22:27:55.713'),
('02', STRINGDECODE('\u8d26\u5355\u7c7b\u522b'), '04', 'amazon', TIMESTAMP '2015-03-07 17:53:28.81', TIMESTAMP '2015-03-07 17:53:28.81'),
('02', STRINGDECODE('\u8d26\u5355\u7c7b\u522b'), '05', 'RECRUIT', TIMESTAMP '2015-03-07 17:53:28.813', TIMESTAMP '2015-03-07 17:53:28.813'),
('02', STRINGDECODE('\u8d26\u5355\u7c7b\u522b'), '06', 'dCard', TIMESTAMP '2019-04-06 22:42:40.447', TIMESTAMP '2019-04-06 22:42:40.447'),
('02', STRINGDECODE('\u8d26\u5355\u7c7b\u522b'), '07', 'SAISON', TIMESTAMP '2020-08-08 17:53:28.813', TIMESTAMP '2020-08-08 17:53:28.813');  
--CREATE CACHED TABLE PUBLIC.CARD_USED_DETAIL(
--    ID INT NOT NULL SELECTIVITY 100,
--    ACCOUNT_ID CHAR(3) NOT NULL SELECTIVITY 1,
--    PAY_DAY DATE NOT NULL SELECTIVITY 5,
--    USED_DAY DATE NOT NULL SELECTIVITY 54,
--    AMOUNT INT NOT NULL SELECTIVITY 69,
--    SHOP_NAME CHAR(1000) SELECTIVITY 18,
--    CREATE_TIME TIMESTAMP(3) SELECTIVITY 49,
--    UPDATE_TIME TIMESTAMP(3) SELECTIVITY 1
--);     
----ALTER TABLE PUBLIC.CARD_USED_DETAIL ADD CONSTRAINT PUBLIC.CONSTRAINT_B PRIMARY KEY(ID);       
-- 4051 +/- SELECT COUNT(*) FROM PUBLIC.CARD_USED_DETAIL;     
INSERT INTO PUBLIC.CARD_USED_DETAIL(ID, ACCOUNT_ID, PAY_DAY, USED_DAY, AMOUNT, SHOP_NAME, CREATE_TIME, UPDATE_TIME) VALUES
(31167, 'C16', DATE '2019-01-10', DATE '2018-12-12', 5000, STRINGDECODE('\u601d\u3044\u51fa\u30d3\u30c7\u30aa\u30b7\u30e7\u30c3\u30d7'), TIMESTAMP '2018-12-24 12:30:57.407', TIMESTAMP '2018-12-24 12:30:57.407'),
(31168, 'C16', DATE '2019-01-10', DATE '2018-12-13', 1823, STRINGDECODE('\u30e9\u30a4\u30d5\u3000\u4ef2\u5bbf\u5e97'), TIMESTAMP '2018-12-24 12:30:57.419', TIMESTAMP '2018-12-24 12:30:57.419'),
(31184, 'C11', DATE '2019-01-28', DATE '2018-12-20', 8725, STRINGDECODE('\uff77\uff82\uff7b\uff9e\uff86\uff71\uff84\uff73\uff77\uff96\uff73'), NULL, NULL),
(31185, 'C11', DATE '2019-01-28', DATE '2018-12-22', 1154, 'AMAZON.CO.JP', NULL, NULL),
(31186, 'C11', DATE '2019-01-28', DATE '2018-12-23', 6160, 'AMAZON.CO.JP', NULL, NULL),
(31187, 'C11', DATE '2019-01-28', DATE '2018-12-24', 1512, STRINGDECODE('\uff71\uff8f\uff84-\uff88 \uff71\uff78\uff7e\uff7f\uff98-\uff75 \uff71\uff76\uff8a'), NULL, NULL),
(31188, 'C11', DATE '2019-01-28', DATE '2018-12-24', 1639, STRINGDECODE('\uff8b\uff9e\uff8a\uff9e\uff8e-\uff91'), NULL, NULL),
(31189, 'C11', DATE '2019-01-28', DATE '2018-12-24', 2145, STRINGDECODE('\u30e6\u30cb\u30af\u30ed'), NULL, NULL),
(31190, 'C11', DATE '2019-01-28', DATE '2018-12-24', 2572, STRINGDECODE('\uff8b\uff9e\uff8a\uff9e\uff8e-\uff91'), NULL, NULL),
(31191, 'C11', DATE '2019-01-28', DATE '2018-12-25', 3780, 'AMAZON.CO.JP', NULL, NULL),
(31192, 'C15', DATE '2018-12-26', DATE '2018-11-10', 3900, STRINGDECODE('\uff21\uff4d\uff41\uff5a\uff4f\uff4e\u30d7\u30e9\u30a4\u30e0\u4f1a\u8cbb'), TIMESTAMP '2018-12-29 22:11:29.585', TIMESTAMP '2018-12-29 22:11:29.585'),
(31193, 'C16', DATE '2019-02-12', DATE '2018-12-17', 4806, STRINGDECODE('\u6771\u4eac\u30ac\u30b9\u3000\uff11\uff14\uff18\uff18\uff0d\uff11\uff14\uff11\uff0d\uff11\uff10\uff15\uff13'), NULL, NULL),
(31194, 'C16', DATE '2019-02-12', DATE '2018-12-23', 1110, STRINGDECODE('\u30d5\u30a2\u30df\u30ea\uff0d\u30de\uff0d\u30c8\u30aa\u30aa\u30e4\u30de\u30a8\u30ad\u30df\u30ca\u30df'), NULL, NULL),
(31195, 'C16', DATE '2019-02-12', DATE '2018-12-23', 3448, STRINGDECODE('\u30e9\u30a4\u30d5\u3000\u4ef2\u5bbf\u5e97'), NULL, NULL),
(31196, 'C16', DATE '2019-02-12', DATE '2018-12-24', 429, STRINGDECODE('\u30d5\u30fc\u30c9\u30a6\u30a7\u30a4\u8d64\u7fbd\u30a2\u30d4\u30ec\u5e97'), NULL, NULL),
(31197, 'C16', DATE '2019-02-12', DATE '2018-12-24', 1118, STRINGDECODE('\u30d5\u30fc\u30c9\u30a6\u30a7\u30a4\u8d64\u7fbd\u30a2\u30d4\u30ec\u5e97'), NULL, NULL),
(31198, 'C16', DATE '2019-02-12', DATE '2018-12-29', 703, STRINGDECODE('\uff14\uff10\uff10\uff13\uff12\uff10\uff19\u3000\u30b7\u30c6\u30a3\u30b9\u30c8\u30a2\u30b5\u30fc\u30d6'), NULL, NULL),
(31199, 'C16', DATE '2019-02-12', DATE '2018-12-29', 10011, STRINGDECODE('\u30a6\u30a3\u30f3\u30b0\u3000\u9ad8\u8f2a'), NULL, NULL),
(31200, 'C16', DATE '2019-02-12', DATE '2018-12-30', 2708, STRINGDECODE('\u30e9\u30a4\u30d5\u3000\u4ef2\u5bbf\u5e97'), NULL, NULL),
(31215, 'C11', DATE '2019-01-28', DATE '2018-12-28', 19613, STRINGDECODE('\uff85\uff81\uff95\uff97\uff99\uff7b\uff72\uff74\uff9d\uff7d'), NULL, NULL),
(31220, 'C10', DATE '2019-02-27', DATE '2018-12-27', 2136, STRINGDECODE('\u723d\u5feb\u30c9\u30ea\u30f3\u30af\u5c02\u9580\u5e97'), NULL, NULL),
(31221, 'C11', DATE '2019-02-27', DATE '2019-01-01', 5400, STRINGDECODE('\uff30\uff0e\uff33\uff0e\uff26\uff21\u3000\u6c60\u888b\u672c\u5e97'), NULL, NULL),
(31222, 'C11', DATE '2019-02-27', DATE '2019-01-02', 4557, STRINGDECODE('\uff71\uff8f\uff84-\uff88 \uff71\uff78\uff7e\uff7f\uff98-\uff75 \uff71\uff76\uff8a'), NULL, NULL),
(31223, 'C11', DATE '2019-02-27', DATE '2019-01-02', 23675, STRINGDECODE('\u30e6\u30cb\u30af\u30ed'), NULL, NULL),
(31224, 'C11', DATE '2019-02-27', DATE '2019-01-03', 3562, STRINGDECODE('0505\uff8f\uff82\uff93\uff84\uff77\uff96\uff7c\uff75\uff75\uff94\uff8f\uff83\uff9d'), NULL, NULL),
(31225, 'C16', DATE '2019-02-12', DATE '2018-12-31', 1587, STRINGDECODE('\u30e9\u30a4\u30d5\u3000\u4ef2\u5bbf\u5e97'), NULL, NULL),
(31226, 'C16', DATE '2019-02-12', DATE '2018-12-31', 5071, STRINGDECODE('\u8089\u306e\u30cf\u30ca\u30de\u30b5\u3000\u677f\u6a4b\u5fd7\u6751\u5e97'), NULL, NULL);          
INSERT INTO PUBLIC.CARD_USED_DETAIL(ID, ACCOUNT_ID, PAY_DAY, USED_DAY, AMOUNT, SHOP_NAME, CREATE_TIME, UPDATE_TIME) VALUES
(31227, 'C16', DATE '2019-02-12', DATE '2019-01-02', -14418, STRINGDECODE('\u30e9\u30a4\u30d5\u3000\u4ef2\u5bbf\u5e97'), NULL, NULL),
(31228, 'C16', DATE '2019-02-12', DATE '2019-01-02', 1080, STRINGDECODE('\u30e9\u30a4\u30d5\u3000\u4ef2\u5bbf\u5e97'), NULL, NULL),
(31229, 'C16', DATE '2019-02-12', DATE '2019-01-02', 13338, STRINGDECODE('\u30e9\u30a4\u30d5\u3000\u4ef2\u5bbf\u5e97'), NULL, NULL),
(31230, 'C16', DATE '2019-02-12', DATE '2019-01-02', 14418, STRINGDECODE('\u30e9\u30a4\u30d5\u3000\u4ef2\u5bbf\u5e97'), NULL, NULL),
(31231, 'C16', DATE '2019-02-12', DATE '2019-01-03', 1856, STRINGDECODE('\u30e9\u30a4\u30d5\u3000\u4ef2\u5bbf\u5e97'), NULL, NULL),
(31232, 'C16', DATE '2019-02-12', DATE '2019-01-03', 3314, STRINGDECODE('\u9b5a\u3079\u3044\u5927\u5c71\u5e97'), NULL, NULL),
(31233, 'C16', DATE '2019-02-12', DATE '2019-01-05', 30680, STRINGDECODE('\uff21\uff2e\uff21\u3000\u30a4\u30f3\u30bf\u30fc\u30cd\u30c3\u30c8\u3000\u56fd\u969b\u822a\u7a7a\u5238'), NULL, NULL),
(31234, 'C16', DATE '2019-02-12', DATE '2019-01-05', 40680, STRINGDECODE('\uff21\uff2e\uff21\u3000\u30a4\u30f3\u30bf\u30fc\u30cd\u30c3\u30c8\u3000\u56fd\u969b\u822a\u7a7a\u5238'), NULL, NULL),
(31235, 'C16', DATE '2019-02-12', DATE '2019-01-06', 733, STRINGDECODE('\u30e9\u30a4\u30d5\u3000\u4ef2\u5bbf\u5e97'), NULL, NULL),
(31236, 'C16', DATE '2019-02-12', DATE '2019-01-06', 5246, STRINGDECODE('\u30e9\u30a4\u30d5\u3000\u4ef2\u5bbf\u5e97'), NULL, NULL),
(31247, 'C10', DATE '2019-02-27', DATE '2019-01-07', 680, STRINGDECODE('\uff8d\uff9f\uff72\uff8d\uff9f\uff72 \uff81\uff6d\uff73\uff7a\uff9e\uff78\uff98\uff6e\uff73\uff98'), NULL, NULL),
(31248, 'C10', DATE '2019-02-27', DATE '2019-01-08', 700, STRINGDECODE('\uff8d\uff9f\uff72\uff8d\uff9f\uff72 \uff81\uff6d\uff73\uff7a\uff9e\uff78\uff92\uff72\uff7b\uff72'), NULL, NULL),
(31249, 'C10', DATE '2019-02-27', DATE '2019-01-10', 9460, STRINGDECODE('\u30a8\u30c7\u30a3\u30aa\u30f3\u697d\u5929\u5e02\u5834\u5e97'), NULL, NULL),
(31250, 'C11', DATE '2019-02-27', DATE '2019-01-04', 1919, STRINGDECODE('\uff97\uff72\uff8c \uff85\uff76\uff7c\uff9e\uff95\uff78\uff83\uff9d'), NULL, NULL),
(31251, 'C11', DATE '2019-02-27', DATE '2019-01-04', 6168, STRINGDECODE('\uff8f\uff82\uff77\uff96LAB\uff85\uff76\uff7c\uff9e\uff95\uff78\uff83\uff9d'), NULL, NULL),
(31252, 'C11', DATE '2019-02-27', DATE '2019-01-05', 10751, STRINGDECODE('\uff8a-\uff8a\uff9e-\uff75\uff9d\uff97\uff72\uff9d\uff7c\uff96\uff82\uff8c\uff9f'), NULL, NULL),
(31253, 'C11', DATE '2019-02-27', DATE '2019-01-05', 10800, STRINGDECODE('\uff8a-\uff8a\uff9e-\uff75\uff9d\uff97\uff72\uff9d\uff7c\uff96\uff82\uff8c\uff9f'), NULL, NULL),
(31254, 'C11', DATE '2019-02-27', DATE '2019-01-05', 11880, STRINGDECODE('\uff8a-\uff8a\uff9e-\uff75\uff9d\uff97\uff72\uff9d\uff7c\uff96\uff82\uff8c\uff9f'), NULL, NULL),
(31255, 'C11', DATE '2019-02-27', DATE '2019-01-06', 289, STRINGDECODE('\uff97\uff72\uff8c \uff85\uff76\uff7c\uff9e\uff95\uff78\uff83\uff9d'), NULL, NULL),
(31256, 'C11', DATE '2019-02-27', DATE '2019-01-06', 4072, STRINGDECODE('\uff8f\uff82\uff93\uff84\uff77\uff96\uff7c\uff7c\uff9e\uff95\uff73\uff7c\uff9e\uff96\uff73\uff77\uff9e'), NULL, NULL),
(31257, 'C11', DATE '2019-02-27', DATE '2019-01-07', 6088, STRINGDECODE('\uff8a-\uff8a\uff9e-\uff75\uff9d\uff97\uff72\uff9d\uff7c\uff96\uff82\uff8c\uff9f'), NULL, NULL),
(31258, 'C11', DATE '2019-02-27', DATE '2019-01-09', 1510, STRINGDECODE('\uff81\uff96\uff7a\uff91- IKEDAPHOTO'), NULL, NULL),
(31259, 'C11', DATE '2019-02-27', DATE '2019-01-09', 2899, 'AMAZON.CO.JP', NULL, NULL),
(31260, 'C11', DATE '2019-02-27', DATE '2019-01-09', 14040, STRINGDECODE('\uff75\uff91\uff867(\uff71\uff76\uff81\uff94\uff9d\uff8e\uff9d'), NULL, NULL),
(31261, 'C11', DATE '2019-02-27', DATE '2019-01-10', 9409, 'AMAZON.CO.JP', NULL, NULL),
(31262, 'C11', DATE '2019-02-27', DATE '2019-01-12', 3797, STRINGDECODE('\uff97\uff72\uff8c \uff85\uff76\uff7c\uff9e\uff95\uff78\uff83\uff9d'), NULL, NULL),
(31263, 'C11', DATE '2019-02-27', DATE '2019-01-14', 2008, STRINGDECODE('\uff72\uff75\uff9d\uff71\uff76\uff8a\uff9e\uff88\uff77\uff80\uff8e\uff9d\uff84\uff9e\uff75\uff98'), NULL, NULL);         
INSERT INTO PUBLIC.CARD_USED_DETAIL(ID, ACCOUNT_ID, PAY_DAY, USED_DAY, AMOUNT, SHOP_NAME, CREATE_TIME, UPDATE_TIME) VALUES
(31264, 'C11', DATE '2019-02-27', DATE '2019-01-15', 11737, 'AMAZON.CO.JP', NULL, NULL),
(31283, 'C15', DATE '2019-01-28', DATE '2018-12-10', 1520, STRINGDECODE('\uff21\uff2d\uff21\uff3a\uff2f\uff2e\uff0e\uff23\uff2f\uff0e\uff2a\uff30'), TIMESTAMP '2019-01-20 19:33:37.706', TIMESTAMP '2019-01-20 19:33:37.706'),
(31284, 'C15', DATE '2019-01-28', DATE '2018-12-11', 5102, STRINGDECODE('\uff21\uff2d\uff21\uff3a\uff2f\uff2e\uff0e\uff23\uff2f\uff0e\uff2a\uff30'), TIMESTAMP '2019-01-20 19:33:37.717', TIMESTAMP '2019-01-20 19:33:37.717'),
(31285, 'C15', DATE '2019-01-28', DATE '2018-12-13', 4212, STRINGDECODE('\uff21\uff2d\uff21\uff3a\uff2f\uff2e\uff0e\uff23\uff2f\uff0e\uff2a\uff30'), TIMESTAMP '2019-01-20 19:33:37.737', TIMESTAMP '2019-01-20 19:33:37.737'),
(31286, 'C15', DATE '2019-01-28', DATE '2018-12-14', 400, STRINGDECODE('\uff21\uff2d\uff21\uff3a\uff2f\uff2e\uff0e\uff23\uff2f\uff0e\uff2a\uff30'), TIMESTAMP '2019-01-20 19:33:37.745', TIMESTAMP '2019-01-20 19:33:37.745'),
(31287, 'C15', DATE '2019-01-28', DATE '2018-12-14', 1296, STRINGDECODE('\uff21\uff2d\uff21\uff3a\uff2f\uff2e\uff0e\uff23\uff2f\uff0e\uff2a\uff30'), TIMESTAMP '2019-01-20 19:33:37.754', TIMESTAMP '2019-01-20 19:33:37.754'),
(31288, 'C15', DATE '2019-01-28', DATE '2018-12-30', 324, STRINGDECODE('\uff21\uff2d\uff21\uff3a\uff2f\uff2e\uff0e\uff23\uff2f\uff0e\uff2a\uff30'), TIMESTAMP '2019-01-20 19:33:37.774', TIMESTAMP '2019-01-20 19:33:37.774'),
(31289, 'C15', DATE '2019-01-28', DATE '2018-12-31', 200, STRINGDECODE('\uff21\uff2d\uff21\uff3a\uff2f\uff2e\uff0e\uff23\uff2f\uff0e\uff2a\uff30'), TIMESTAMP '2019-01-20 19:33:37.784', TIMESTAMP '2019-01-20 19:33:37.784'),
(31290, 'C15', DATE '2019-01-28', DATE '2018-12-31', 443, STRINGDECODE('\uff21\uff2d\uff21\uff3a\uff2f\uff2e\uff0e\uff23\uff2f\uff0e\uff2a\uff30'), TIMESTAMP '2019-01-20 19:33:37.805', TIMESTAMP '2019-01-20 19:33:37.805'),
(31291, 'C15', DATE '2019-01-28', DATE '2018-12-31', 455, STRINGDECODE('\uff21\uff2d\uff21\uff3a\uff2f\uff2e\uff0e\uff23\uff2f\uff0e\uff2a\uff30'), TIMESTAMP '2019-01-20 19:33:37.812', TIMESTAMP '2019-01-20 19:33:37.812'),
(31292, 'C15', DATE '2019-01-28', DATE '2018-12-31', 455, STRINGDECODE('\uff21\uff2d\uff21\uff3a\uff2f\uff2e\uff0e\uff23\uff2f\uff0e\uff2a\uff30'), TIMESTAMP '2019-01-20 19:33:37.832', TIMESTAMP '2019-01-20 19:33:37.832'),
(31293, 'C15', DATE '2019-01-28', DATE '2018-12-31', 750, STRINGDECODE('\uff21\uff2d\uff21\uff3a\uff2f\uff2e\uff0e\uff23\uff2f\uff0e\uff2a\uff30'), TIMESTAMP '2019-01-20 19:33:37.841', TIMESTAMP '2019-01-20 19:33:37.841'),
(31294, 'C16', DATE '2019-02-12', DATE '2018-11-30', 5727, STRINGDECODE('\u3067\u3093\u304d\u3014\uff2b\uff24\uff24\uff29\u3015'), TIMESTAMP '2019-01-20 19:35:44.329', TIMESTAMP '2019-01-20 19:35:44.329'),
(31295, 'C16', DATE '2019-02-12', DATE '2018-12-31', 10739, STRINGDECODE('\uff2b\uff24\uff24\uff29\u3054\u5229\u7528\u6599\u91d1'), TIMESTAMP '2019-01-20 19:35:44.434', TIMESTAMP '2019-01-20 19:35:44.434'),
(31296, 'C16', DATE '2019-02-12', DATE '2019-01-06', 3507, STRINGDECODE('\u30d3\u30d0\u30db\u30fc\u30e0\u30b0\u30eb\u30fc\u30d7'), TIMESTAMP '2019-01-20 19:35:44.526', TIMESTAMP '2019-01-20 19:35:44.526'),
(31297, 'C05', DATE '2019-02-04', DATE '2018-12-02', 3000, STRINGDECODE('\u25cf \u6771\u5341\u6761\u99c5\u3000\u30aa\u30fc\u30c8\u30c1\u30e3\u30fc\u30b8\uff08\u30ea\u30f3\u30af\uff09'), TIMESTAMP '2019-01-20 19:36:31.234', TIMESTAMP '2019-01-20 19:36:31.234'),
(31298, 'C05', DATE '2019-02-04', DATE '2018-12-13', 5000, STRINGDECODE('\u25cf \u65b0\u5bbf\u99c5\u591a\u6a5f\u80fd\u5238\u58f2\u6a5f'), TIMESTAMP '2019-01-20 19:36:31.263', TIMESTAMP '2019-01-20 19:36:31.263'),
(31299, 'C05', DATE '2019-02-04', DATE '2018-12-17', 3000, STRINGDECODE('\u25cf \u4e94\u53cd\u7530\u99c5\u3000\u30aa\u30fc\u30c8\u30c1\u30e3\u30fc\u30b8\uff08\u30ea\u30f3\u30af\uff09'), TIMESTAMP '2019-01-20 19:36:31.279', TIMESTAMP '2019-01-20 19:36:31.279'),
(31300, 'C05', DATE '2019-02-04', DATE '2018-12-21', 3000, STRINGDECODE('\u25cf \u5927\u5d0e\u99c5\u3000\u30aa\u30fc\u30c8\u30c1\u30e3\u30fc\u30b8\uff08\u30ea\u30f3\u30af\uff09'), TIMESTAMP '2019-01-20 19:36:31.289', TIMESTAMP '2019-01-20 19:36:31.289');      
INSERT INTO PUBLIC.CARD_USED_DETAIL(ID, ACCOUNT_ID, PAY_DAY, USED_DAY, AMOUNT, SHOP_NAME, CREATE_TIME, UPDATE_TIME) VALUES
(31301, 'C05', DATE '2019-02-04', DATE '2018-12-25', 2000, STRINGDECODE('\u25cf \u6c60\u888b\u99c5\u591a\u6a5f\u80fd\u5238\u58f2\u6a5f'), TIMESTAMP '2019-01-20 19:36:31.303', TIMESTAMP '2019-01-20 19:36:31.303'),
(31302, 'C05', DATE '2019-02-04', DATE '2018-12-25', 3000, STRINGDECODE('\u25cf \u4e94\u53cd\u7530\u99c5\u3000\u30aa\u30fc\u30c8\u30c1\u30e3\u30fc\u30b8\uff08\u30ea\u30f3\u30af\uff09'), TIMESTAMP '2019-01-20 19:36:31.316', TIMESTAMP '2019-01-20 19:36:31.316'),
(31311, 'C10', DATE '2019-02-27', DATE '2019-01-12', 2884, STRINGDECODE('\u30d6\u30c3\u30af\u30aa\u30d5\u30aa\u30f3\u30e9\u30a4\u30f3\u697d\u5929\u5e02\u5834\u5e97'), NULL, NULL),
(31312, 'C10', DATE '2019-02-27', DATE '2019-01-16', 1230, STRINGDECODE('\u30de\u30c3\u30d7\u30ab\u30e1\u30e9\u697d\u5929\u5e02\u5834\u5e97'), NULL, NULL),
(31313, 'C10', DATE '2019-02-27', DATE '2019-01-17', 119, STRINGDECODE('\u30bf\u30d6\u30ec\u30c3\u30c8\uff30\uff23\u30b1\u30fc\u30b9\uff2d\uff2f\uff22\uff29\uff2c'), NULL, NULL),
(31314, 'C10', DATE '2019-02-27', DATE '2019-01-17', 1026, STRINGDECODE('\u697d\u5929\u30d6\u30c3\u30af\u30b9'), NULL, NULL),
(31315, 'C10', DATE '2019-02-27', DATE '2019-01-17', 1080, STRINGDECODE('\u697d\u5929\u30d6\u30c3\u30af\u30b9'), NULL, NULL),
(31316, 'C10', DATE '2019-02-27', DATE '2019-01-23', 298, STRINGDECODE('\u5409\u5370\u5802'), NULL, NULL),
(31317, 'C11', DATE '2019-02-27', DATE '2019-01-22', 1205, 'AMAZON.CO.JP', NULL, NULL),
(31318, 'C11', DATE '2019-02-27', DATE '2019-01-22', 3572, STRINGDECODE('\uff97\uff72\uff8c \uff85\uff76\uff7c\uff9e\uff95\uff78\uff83\uff9d'), NULL, NULL),
(31319, 'C11', DATE '2019-02-27', DATE '2019-01-22', 4238, STRINGDECODE('\uff23\uff2f\uff33\uff2d\uff25\u3000\uff24\uff29\uff36\uff21'), NULL, NULL),
(31343, 'C15', DATE '2019-02-26', DATE '2019-01-04', 2599, STRINGDECODE('\uff21\uff2d\uff21\uff3a\uff2f\uff2e\uff0e\uff23\uff2f\uff0e\uff2a\uff30'), TIMESTAMP '2019-02-10 23:09:10.515', TIMESTAMP '2019-02-10 23:09:10.515'),
(31344, 'C15', DATE '2019-02-26', DATE '2019-01-04', 3144, STRINGDECODE('\uff21\uff2d\uff21\uff3a\uff2f\uff2e\uff0e\uff23\uff2f\uff0e\uff2a\uff30'), TIMESTAMP '2019-02-10 23:09:10.531', TIMESTAMP '2019-02-10 23:09:10.531'),
(31345, 'C15', DATE '2019-02-26', DATE '2019-01-04', 8747, STRINGDECODE('\uff21\uff2d\uff21\uff3a\uff2f\uff2e\uff0e\uff23\uff2f\uff0e\uff2a\uff30'), TIMESTAMP '2019-02-10 23:09:10.553', TIMESTAMP '2019-02-10 23:09:10.553'),
(31346, 'C15', DATE '2019-02-26', DATE '2019-01-04', 13409, STRINGDECODE('\uff21\uff2d\uff21\uff3a\uff2f\uff2e\uff0e\uff23\uff2f\uff0e\uff2a\uff30'), TIMESTAMP '2019-02-10 23:09:10.572', TIMESTAMP '2019-02-10 23:09:10.572'),
(31347, 'C15', DATE '2019-02-26', DATE '2019-01-15', 4850, STRINGDECODE('\uff21\uff2d\uff21\uff3a\uff2f\uff2e\uff0e\uff23\uff2f\uff0e\uff2a\uff30'), TIMESTAMP '2019-02-10 23:09:10.589', TIMESTAMP '2019-02-10 23:09:10.589'),
(31375, 'C16', DATE '2019-03-11', DATE '2018-12-31', 9714, STRINGDECODE('\u3067\u3093\u304d\u3014\uff2b\uff24\uff24\uff29\u3015'), TIMESTAMP '2019-02-24 09:46:48.355', TIMESTAMP '2019-02-24 09:46:48.355'),
(31376, 'C16', DATE '2019-03-11', DATE '2019-01-19', 6717, STRINGDECODE('\u6771\u4eac\u30ac\u30b9\u3000\uff11\uff14\uff18\uff18\uff0d\uff11\uff14\uff11\uff0d\uff11\uff10\uff15\uff13'), TIMESTAMP '2019-02-24 09:46:48.388', TIMESTAMP '2019-02-24 09:46:48.388'),
(31377, 'C16', DATE '2019-03-11', DATE '2019-01-20', 1131, STRINGDECODE('\u30e9\u30a4\u30d5\u3000\u4ef2\u5bbf\u5e97'), TIMESTAMP '2019-02-24 09:46:48.425', TIMESTAMP '2019-02-24 09:46:48.425'),
(31378, 'C16', DATE '2019-03-11', DATE '2019-01-20', 1897, STRINGDECODE('\u30e9\u30a4\u30d5\u3000\u4ef2\u5bbf\u5e97'), TIMESTAMP '2019-02-24 09:46:48.458', TIMESTAMP '2019-02-24 09:46:48.458'),
(31379, 'C16', DATE '2019-03-11', DATE '2019-01-23', 2124, STRINGDECODE('\u30e9\u30a4\u30d5\u3000\u4ef2\u5bbf\u5e97'), TIMESTAMP '2019-02-24 09:46:48.485', TIMESTAMP '2019-02-24 09:46:48.485'),
(31380, 'C16', DATE '2019-03-11', DATE '2019-01-31', 10322, STRINGDECODE('\uff2b\uff24\uff24\uff29\u3054\u5229\u7528\u6599\u91d1'), TIMESTAMP '2019-02-24 09:46:48.511', TIMESTAMP '2019-02-24 09:46:48.511');       
INSERT INTO PUBLIC.CARD_USED_DETAIL(ID, ACCOUNT_ID, PAY_DAY, USED_DAY, AMOUNT, SHOP_NAME, CREATE_TIME, UPDATE_TIME) VALUES
(31381, 'C16', DATE '2019-03-11', DATE '2019-02-02', 5572, STRINGDECODE('\u30aa\u30fc\u30b1\u30fc\u3000\u5341\u6761\u5e97'), TIMESTAMP '2019-02-24 09:46:48.54', TIMESTAMP '2019-02-24 09:46:48.54'),
(31382, 'C16', DATE '2019-03-11', DATE '2019-02-03', 3155, STRINGDECODE('\u304b\u3063\u3071\u5bff\u53f8\u3000\u677f\u6a4b\u5e97'), TIMESTAMP '2019-02-24 09:46:48.586', TIMESTAMP '2019-02-24 09:46:48.586'),
(31383, 'C16', DATE '2019-03-11', DATE '2019-02-04', 1274, STRINGDECODE('\u5b89\u697d\u4ead\u3000\u4e94\u53cd\u7530\u99c5\u524d\u5e97'), TIMESTAMP '2019-02-24 09:46:48.625', TIMESTAMP '2019-02-24 09:46:48.625'),
(31384, 'C16', DATE '2019-03-11', DATE '2019-02-09', 2133, STRINGDECODE('\u30e9\u30a4\u30d5\u3000\u4ef2\u5bbf\u5e97'), TIMESTAMP '2019-02-24 09:46:48.654', TIMESTAMP '2019-02-24 09:46:48.654'),
(31385, 'C11', DATE '2019-02-27', DATE '2019-01-25', 1836, 'AMAZON.CO.JP', TIMESTAMP '2019-02-24 10:03:38.893', TIMESTAMP '2019-02-24 10:03:38.893'),
(31386, 'C11', DATE '2019-02-27', DATE '2019-01-27', 3240, 'AMAZON.CO.JP', TIMESTAMP '2019-02-24 10:03:38.901', TIMESTAMP '2019-02-24 10:03:38.901'),
(31387, 'C11', DATE '2019-02-27', DATE '2019-01-28', 3827, STRINGDECODE('\uff97\uff72\uff8c \uff85\uff76\uff7c\uff9e\uff95\uff78\uff83\uff9d'), TIMESTAMP '2019-02-24 10:03:38.918', TIMESTAMP '2019-02-24 10:03:38.918'),
(31388, 'C11', DATE '2019-02-27', DATE '2019-01-31', 1870, STRINGDECODE('\uff8b\uff9e\uff8a\uff9e\uff8e-\uff91'), TIMESTAMP '2019-02-24 10:03:38.927', TIMESTAMP '2019-02-24 10:03:38.927'),
(31389, 'C10', DATE '2019-03-27', DATE '2019-02-06', 157000, STRINGDECODE('\u5bb6\u96fb\u3068\u4f4f\u5b85\u8a2d\u5099\u306e\u3010\u30b8\u30e5\u30d7\u30ed\u3011'), NULL, NULL),
(31390, 'C11', DATE '2019-03-27', DATE '2019-02-04', 2887, STRINGDECODE('\uff97\uff72\uff8c \uff85\uff76\uff7c\uff9e\uff95\uff78\uff83\uff9d'), NULL, NULL),
(31391, 'C11', DATE '2019-03-27', DATE '2019-02-04', 4471, STRINGDECODE('\uff97\uff72\uff8c \uff85\uff76\uff7c\uff9e\uff95\uff78\uff83\uff9d'), NULL, NULL),
(31392, 'C11', DATE '2019-03-27', DATE '2019-02-08', 658, 'AMAZON.CO.JP', NULL, NULL),
(31393, 'C11', DATE '2019-03-27', DATE '2019-02-08', 873, 'AMAZON.CO.JP', NULL, NULL),
(31394, 'C11', DATE '2019-03-27', DATE '2019-02-08', 2302, 'AMAZON.CO.JP', NULL, NULL),
(31395, 'C11', DATE '2019-03-27', DATE '2019-02-11', 4320, STRINGDECODE('\uff77\uff82\uff7b\uff9e\uff86\uff71\uff84\uff73\uff77\uff96\uff73'), NULL, NULL),
(31396, 'C11', DATE '2019-03-27', DATE '2019-02-12', 2515, STRINGDECODE('\uff97\uff72\uff8c \uff85\uff76\uff7c\uff9e\uff95\uff78\uff83\uff9d'), NULL, NULL),
(31397, 'C11', DATE '2019-03-27', DATE '2019-02-14', 3884, STRINGDECODE('\uff97\uff72\uff8c \uff85\uff76\uff7c\uff9e\uff95\uff78\uff83\uff9d'), NULL, NULL),
(31398, 'C11', DATE '2019-03-27', DATE '2019-02-18', 3648, STRINGDECODE('\uff97\uff72\uff8c \uff85\uff76\uff7c\uff9e\uff95\uff78\uff83\uff9d'), NULL, NULL),
(31399, 'C11', DATE '2019-03-27', DATE '2019-02-18', 6441, STRINGDECODE('\uff97\uff72\uff8c \uff85\uff76\uff7c\uff9e\uff95\uff78\uff83\uff9d'), NULL, NULL),
(31400, 'C11', DATE '2019-03-27', DATE '2019-02-19', 7781, STRINGDECODE('\uff71\uff83\uff86\uff71'), NULL, NULL),
(31401, 'C11', DATE '2019-03-27', DATE '2019-02-21', 1680, 'AMAZON.CO.JP', NULL, NULL),
(31402, 'C11', DATE '2019-03-27', DATE '2019-02-21', 2712, 'AMAZON.CO.JP', NULL, NULL),
(31403, 'C11', DATE '2019-03-27', DATE '2019-02-21', 4110, STRINGDECODE('NM_\uff8b\uff9e\uff95\uff70\uff83\uff72\uff8c\uff80\uff8a\uff9e'), NULL, NULL),
(31404, 'C05', DATE '2019-03-04', DATE '2019-01-01', 10000, STRINGDECODE('\u25cf \u5341\u6761\u99c5\u591a\u6a5f\u80fd\u5238\u58f2\u6a5f'), TIMESTAMP '2019-02-24 10:15:26.914', TIMESTAMP '2019-02-24 10:15:26.914'),
(31405, 'C05', DATE '2019-03-04', DATE '2019-01-02', 3000, STRINGDECODE('\u25cf \u4e94\u53cd\u7530\u99c5\u3000\u30aa\u30fc\u30c8\u30c1\u30e3\u30fc\u30b8\uff08\u30ea\u30f3\u30af\uff09'), TIMESTAMP '2019-02-24 10:15:26.948', TIMESTAMP '2019-02-24 10:15:26.948'),
(31406, 'C05', DATE '2019-03-04', DATE '2019-01-03', 18000, STRINGDECODE('\u2605 \u30a2\u30aa\u30ad\uff08\u30aa\u30ea\u30ac\u30df\uff09'), TIMESTAMP '2019-02-24 10:15:26.985', TIMESTAMP '2019-02-24 10:15:26.985');
INSERT INTO PUBLIC.CARD_USED_DETAIL(ID, ACCOUNT_ID, PAY_DAY, USED_DAY, AMOUNT, SHOP_NAME, CREATE_TIME, UPDATE_TIME) VALUES
(31407, 'C05', DATE '2019-03-04', DATE '2019-01-08', 7981, STRINGDECODE('\u2605 \u30ac\u30f3\u30bd\u30ba\u30b7\u3000\u30a2\u30ad\u30cf\u30d0\u30e9\u30de\u30f3\u30bb\u30d0\u30b7\u30c6\u30f3'), TIMESTAMP '2019-02-24 10:15:27.006', TIMESTAMP '2019-02-24 10:15:27.006'),
(31408, 'C05', DATE '2019-03-04', DATE '2019-01-09', 3000, STRINGDECODE('\u25cf \u4e94\u53cd\u7530\u99c5\u3000\u30aa\u30fc\u30c8\u30c1\u30e3\u30fc\u30b8\uff08\u30ea\u30f3\u30af\uff09'), TIMESTAMP '2019-02-24 10:15:27.036', TIMESTAMP '2019-02-24 10:15:27.036'),
(31409, 'C05', DATE '2019-03-04', DATE '2019-01-24', 3000, STRINGDECODE('\u25cf \u5927\u5d0e\u99c5\u3000\u30aa\u30fc\u30c8\u30c1\u30e3\u30fc\u30b8\uff08\u30ea\u30f3\u30af\uff09'), TIMESTAMP '2019-02-24 10:15:27.055', TIMESTAMP '2019-02-24 10:15:27.055'),
(31410, 'C05', DATE '2019-03-04', DATE '2019-01-31', 3000, STRINGDECODE('\u25cf \u65b0\u6a4b\u99c5\u3000\u30aa\u30fc\u30c8\u30c1\u30e3\u30fc\u30b8\uff08\u30ea\u30f3\u30af\uff09'), TIMESTAMP '2019-02-24 10:15:27.075', TIMESTAMP '2019-02-24 10:15:27.075'),
(31439, 'C11', DATE '2019-03-27', DATE '2019-02-21', 1224, STRINGDECODE('\uff97\uff72\uff8c \uff85\uff76\uff7c\uff9e\uff95\uff78\uff83\uff9d'), NULL, NULL),
(31440, 'C11', DATE '2019-03-27', DATE '2019-02-22', 5480, STRINGDECODE('\uff8c\uff71\uff9d\uff79\uff99'), NULL, NULL),
(31441, 'C11', DATE '2019-03-27', DATE '2019-02-24', 2592, STRINGDECODE('\uff8c\uff71\uff9d\uff79\uff99'), NULL, NULL),
(31442, 'C11', DATE '2019-03-27', DATE '2019-02-25', 1980, 'AMAZON.CO.JP', NULL, NULL),
(31471, 'C11', DATE '2019-04-29', DATE '2019-03-03', 1199, STRINGDECODE('\uff36\uff29\uff33\uff21\u56fd\u5185\u5229\u7528\u3000VS AMAZON.CO.JP'), TIMESTAMP '2019-03-13 22:16:39.702', TIMESTAMP '2019-03-13 22:16:39.702'),
(31472, 'C11', DATE '2019-04-29', DATE '2019-03-04', 2978, STRINGDECODE('\uff36\uff29\uff33\uff21\u56fd\u5185\u5229\u7528\u3000VS AMAZON.CO.JP'), TIMESTAMP '2019-03-13 22:16:39.72', TIMESTAMP '2019-03-13 22:16:39.72'),
(31473, 'C15', DATE '2019-03-26', DATE '2019-02-12', 1390, STRINGDECODE('\uff21\uff2d\uff21\uff3a\uff2f\uff2e\uff0e\uff23\uff2f\uff0e\uff2a\uff30'), TIMESTAMP '2019-03-13 22:17:50.227', TIMESTAMP '2019-03-13 22:17:50.227');              
--CREATE CACHED TABLE PUBLIC.ACCOUNT_INFO(
--    ACCOUNT_ID CHAR(3) NOT NULL,
--    ACCOUNT_NAME VARCHAR(50),
--    DISPLAY_ORDER SMALLINT,
--    DISPLAY_ORDER_IN_COMING SMALLINT,
--    SHOW_IN_PAY_INFO BIT,
--    IS_CREDIT_CARD BIT,
--    CREATE_TIME TIMESTAMP(3),
--    UPDATE_TIME TIMESTAMP(3)
--);            
--ALTER TABLE PUBLIC.ACCOUNT_INFO ADD CONSTRAINT PUBLIC.CONSTRAINT_C PRIMARY KEY(ACCOUNT_ID);   
-- 17 +/- SELECT COUNT(*) FROM PUBLIC.ACCOUNT_INFO;           
INSERT INTO PUBLIC.ACCOUNT_INFO(ACCOUNT_ID, ACCOUNT_NAME, DISPLAY_ORDER, DISPLAY_ORDER_IN_COMING, SHOW_IN_PAY_INFO, IS_CREDIT_CARD, CREATE_TIME, UPDATE_TIME) VALUES
('C01', STRINGDECODE('\u73b0\u91d1'), 1, 2, TRUE, FALSE, NULL, NULL),
('C02', STRINGDECODE('\u90ae\u653f\u50a8\u84c4'), 5, 7, TRUE, FALSE, NULL, NULL),
('C03', STRINGDECODE('\u4e09\u4e95\u4f4f\u53cb'), 10, 3, TRUE, FALSE, NULL, NULL),
('C04', STRINGDECODE('\u4e2d\u884c\u4fe1\u7528\u5361'), 14, 15, FALSE, FALSE, NULL, NULL),
('C05', 'ViewCard(2017)', 4, 6, TRUE, TRUE, NULL, NULL),
('C06', STRINGDECODE('\u56fd\u5185\u9001\u91d1'), 15, 14, FALSE, FALSE, TIMESTAMP '2009-05-30 16:09:34.933', NULL),
('C09', 'FX', 16, 16, FALSE, FALSE, TIMESTAMP '2010-03-31 22:34:06.91', NULL),
('C10', STRINGDECODE('\u4e50\u5929hwang(4307)'), 3, 4, TRUE, TRUE, TIMESTAMP '2011-03-06 14:38:55.437', NULL),
('C11', STRINGDECODE('\u4e50\u5929mli(4315)'), 2, 5, TRUE, TRUE, TIMESTAMP '2011-03-06 14:40:17.067', NULL),
('C12', 'UFJ', 8, 1, TRUE, FALSE, TIMESTAMP '2011-04-23 11:01:07.153', NULL),
('C13', STRINGDECODE('\u90ae\u653f\u50a8\u84c4\uff08mli\uff09'), 11, 8, FALSE, FALSE, TIMESTAMP '2013-03-02 22:45:44.857', NULL),
('C14', 'Citibank', 9, 9, TRUE, FALSE, TIMESTAMP '2013-06-19 20:20:49.63', NULL),
('C15', STRINGDECODE('amazon\u5361(2043)'), 6, 10, TRUE, TRUE, TIMESTAMP '2014-11-08 21:25:01.533', NULL),
('C16', 'JCB(1071)', 7, 11, TRUE, TRUE, TIMESTAMP '2015-03-19 00:05:12.833', NULL),
('C17', '7BANK', 17, 17, TRUE, FALSE, NULL, NULL),
('C07', 'dCard(mli)6602', 13, 13, TRUE, TRUE, TIMESTAMP '2009-06-05 15:45:09.653', TIMESTAMP '2019-03-02 20:59:31.345'),
('C08', 'dCard(hwang)6529', 12, 12, TRUE, TRUE, TIMESTAMP '2009-06-05 15:45:28.81', TIMESTAMP '2019-03-02 21:00:38.697');    
--CREATE CACHED TABLE PUBLIC.ACCOUNT_CHANGE(
--    ID INT NOT NULL,
--    OPERATION_DATE DATE,
--    TAKE_OUT_ACCOUNT_ID CHAR(3),
--    DEPOSIT_ACCOUNT_ID CHAR(3),
--    AMOUNT INT,
--    MEMO VARCHAR(100),
--    CREATE_TIME TIMESTAMP(3),
--    UPDATE_TIME TIMESTAMP(3)
--);       
--ALTER TABLE PUBLIC.ACCOUNT_CHANGE ADD CONSTRAINT PUBLIC.CONSTRAINT_32 PRIMARY KEY(ID);        
-- 990 +/- SELECT COUNT(*) FROM PUBLIC.ACCOUNT_CHANGE;        
INSERT INTO PUBLIC.ACCOUNT_CHANGE(ID, OPERATION_DATE, TAKE_OUT_ACCOUNT_ID, DEPOSIT_ACCOUNT_ID, AMOUNT, MEMO, CREATE_TIME, UPDATE_TIME) VALUES
(31001, DATE '2019-01-10', 'C02', 'C16', 46518, STRINGDECODE('\u5229\u7528\u660e\u7d30\u53d6\u8fbc'), TIMESTAMP '2018-12-24 12:30:57.435', TIMESTAMP '2018-12-24 12:30:57.435'),
(31028, DATE '2018-12-28', 'C12', 'C01', 80000, NULL, TIMESTAMP '2018-12-29 20:44:06', TIMESTAMP '2018-12-29 20:44:06'),
(31029, DATE '2018-12-18', 'C12', 'C09', 500000, NULL, TIMESTAMP '2018-12-29 21:27:02.917', TIMESTAMP '2018-12-29 21:27:02.917'),
(31030, DATE '2018-12-26', 'C02', 'C15', 3900, STRINGDECODE('\u5229\u7528\u660e\u7d30\u53d6\u8fbc'), TIMESTAMP '2018-12-29 22:11:29.599', TIMESTAMP '2018-12-29 22:11:29.599'),
(31031, DATE '2019-02-12', 'C02', 'C16', 147891, STRINGDECODE('\u5229\u7528\u660e\u7d30\u53d6\u8fbc'), TIMESTAMP '2018-12-31 22:52:56.812', TIMESTAMP '2018-12-31 22:52:56.812'),
(31060, DATE '2018-12-31', 'C12', 'C01', 5000, NULL, TIMESTAMP '2018-12-31 23:03:28.509', TIMESTAMP '2018-12-31 23:03:28.509'),
(31061, DATE '2018-12-31', 'C12', 'C01', 95000, NULL, TIMESTAMP '2018-12-31 23:03:40.551', TIMESTAMP '2018-12-31 23:03:40.551'),
(31092, DATE '2019-02-27', 'C02', 'C10', 19613, STRINGDECODE('\u5229\u7528\u660e\u7d30\u53d6\u8fbc'), TIMESTAMP '2019-01-07 22:22:38.053', TIMESTAMP '2019-01-07 22:22:38.053'),
(31093, DATE '2019-02-27', 'C02', 'C11', 154349, STRINGDECODE('\u5229\u7528\u660e\u7d30\u53d6\u8fbc'), TIMESTAMP '2019-01-07 22:22:38.081', TIMESTAMP '2019-01-07 22:22:38.081'),
(31124, DATE '2019-01-28', 'C02', 'C15', 15157, STRINGDECODE('\u5229\u7528\u660e\u7d30\u53d6\u8fbc'), TIMESTAMP '2019-01-20 19:33:37.868', TIMESTAMP '2019-01-20 19:33:37.868'),
(31125, DATE '2019-02-04', 'C02', 'C05', 19000, STRINGDECODE('\u5229\u7528\u660e\u7d30\u53d6\u8fbc'), TIMESTAMP '2019-01-20 19:36:31.35', TIMESTAMP '2019-01-20 19:36:31.35'),
(31156, DATE '2019-01-22', 'C12', 'C02', 500000, NULL, TIMESTAMP '2019-01-27 19:59:43.582', TIMESTAMP '2019-01-27 19:59:43.582'),
(31157, DATE '2019-01-26', 'C12', 'C01', 50000, NULL, TIMESTAMP '2019-01-27 20:00:05.746', TIMESTAMP '2019-01-27 20:00:05.746'),
(31188, DATE '2019-01-30', 'C13', 'C01', 100000, NULL, TIMESTAMP '2019-02-10 22:46:25.619', TIMESTAMP '2019-02-10 22:46:25.619'),
(31189, DATE '2019-02-26', 'C02', 'C15', 32749, STRINGDECODE('\u5229\u7528\u660e\u7d30\u53d6\u8fbc'), TIMESTAMP '2019-02-10 23:09:10.646', TIMESTAMP '2019-02-10 23:09:10.646'),
(31220, DATE '2019-02-14', 'C17', 'C01', 10000, NULL, TIMESTAMP '2019-02-24 09:33:19.973', TIMESTAMP '2019-02-24 09:33:19.973'),
(31221, DATE '2019-03-11', 'C02', 'C16', 44039, STRINGDECODE('\u5229\u7528\u660e\u7d30\u53d6\u8fbc'), TIMESTAMP '2019-02-24 09:46:48.714', TIMESTAMP '2019-02-24 09:46:48.714'),
(31222, DATE '2019-03-27', 'C02', 'C10', 157000, STRINGDECODE('\u5229\u7528\u660e\u7d30\u53d6\u8fbc'), TIMESTAMP '2019-02-24 10:10:03.959', TIMESTAMP '2019-02-24 10:10:03.959'),
(31223, DATE '2019-03-27', 'C02', 'C11', 59558, STRINGDECODE('\u5229\u7528\u660e\u7d30\u53d6\u8fbc'), TIMESTAMP '2019-02-24 10:10:04.001', TIMESTAMP '2019-02-24 10:10:04.001'),
(31224, DATE '2019-03-04', 'C02', 'C05', 47981, STRINGDECODE('\u5229\u7528\u660e\u7d30\u53d6\u8fbc'), TIMESTAMP '2019-02-24 10:15:27.123', TIMESTAMP '2019-02-24 10:15:27.123'),
(31252, DATE '2019-02-22', 'C12', 'C02', 500000, '', TIMESTAMP '2019-03-02 22:26:17.563', TIMESTAMP '2019-03-02 22:26:17.563'),
(31284, DATE '2019-03-06', 'C12', 'C01', 100000, NULL, TIMESTAMP '2019-03-13 21:57:25.923', TIMESTAMP '2019-03-13 21:57:25.923'),
(31285, DATE '2019-04-29', 'C02', 'C10', 0, STRINGDECODE('\u5229\u7528\u660e\u7d30\u53d6\u8fbc'), TIMESTAMP '2019-03-13 22:16:39.742', TIMESTAMP '2019-03-13 22:16:39.742'),
(31286, DATE '2019-04-29', 'C02', 'C11', 4177, STRINGDECODE('\u5229\u7528\u660e\u7d30\u53d6\u8fbc'), TIMESTAMP '2019-03-13 22:16:39.789', TIMESTAMP '2019-03-13 22:16:39.789'),
(31287, DATE '2019-03-26', 'C02', 'C15', 1390, STRINGDECODE('\u5229\u7528\u660e\u7d30\u53d6\u8fbc'), TIMESTAMP '2019-03-13 22:17:50.239', TIMESTAMP '2019-03-13 22:17:50.239'),
(31316, DATE '2019-05-10', 'C02', 'C07', 20834, STRINGDECODE('\u5229\u7528\u660e\u7d30\u53d6\u8fbc'), TIMESTAMP '2019-04-06 23:44:21.337', TIMESTAMP '2019-04-06 23:44:21.337');         
INSERT INTO PUBLIC.ACCOUNT_CHANGE(ID, OPERATION_DATE, TAKE_OUT_ACCOUNT_ID, DEPOSIT_ACCOUNT_ID, AMOUNT, MEMO, CREATE_TIME, UPDATE_TIME) VALUES
(31317, DATE '2019-05-10', 'C02', 'C08', 26069, STRINGDECODE('\u5229\u7528\u660e\u7d30\u53d6\u8fbc'), TIMESTAMP '2019-04-06 23:44:21.35', TIMESTAMP '2019-04-06 23:44:21.35'); 
*/